,zip_code,total,retired,disabled,widowers_parents,spouses,children,amount_all_beneficiaries,amount_retired,amount_widowers,old_beneficiaries,state,amount_per_beneficiary,status
161,35223,2095.0,1550.0,70.0,180.0,225.0,70.0,3638.0,2890.0,331.0,1875.0,Alabama,1.7365155131264916,TOP
172,35253,80.0,65.0,5.0,5.0,5.0,0.0,134.0,117.0,9.0,70.0,Alabama,1.675,TOP
44,99571,15.0,15.0,0.0,0.0,0.0,0.0,27.0,24.0,0.0,15.0,Alaska,1.8,TOP
204,99791,15.0,10.0,0.0,5.0,0.0,0.0,28.0,18.0,6.0,15.0,Alaska,1.8666666666666667,TOP
341,85253,3865.0,2970.0,105.0,240.0,430.0,120.0,6533.0,5385.0,438.0,3540.0,Arizona,1.6902975420439845,TOP
348,85262,3545.0,3000.0,100.0,110.0,300.0,35.0,5925.0,5241.0,174.0,3235.0,Arizona,1.6713681241184768,TOP
210,95030,2465.0,1900.0,80.0,165.0,250.0,70.0,4058.0,3332.0,271.0,2270.0,California,1.6462474645030425,TOP
473,92657,1495.0,1170.0,45.0,70.0,165.0,45.0,2550.0,2141.0,120.0,1350.0,California,1.705685618729097,TOP
625,91210,20.0,20.0,0.0,0.0,0.0,0.0,38.0,35.0,0.0,20.0,California,1.9,TOP
712,90210,4280.0,3275.0,105.0,345.0,435.0,120.0,7136.0,5902.0,608.0,3970.0,California,1.6672897196261682,TOP
915,90071,80.0,55.0,10.0,5.0,5.0,5.0,136.0,112.0,4.0,65.0,California,1.7,TOP
939,90067,1235.0,965.0,15.0,130.0,100.0,25.0,2285.0,1897.0,242.0,1190.0,California,1.8502024291497976,TOP
941,90077,1890.0,1485.0,40.0,110.0,205.0,50.0,3268.0,2765.0,199.0,1770.0,California,1.729100529100529,TOP
947,90272,4735.0,3670.0,90.0,340.0,470.0,165.0,8129.0,6739.0,598.0,4395.0,California,1.7167898627243927,TOP
956,90402,2335.0,1815.0,75.0,160.0,220.0,65.0,3937.0,3284.0,263.0,2160.0,California,1.6860813704496789,TOP
1039,92617,340.0,270.0,10.0,10.0,30.0,20.0,595.0,509.0,25.0,305.0,California,1.75,TOP
1125,94022,4005.0,3130.0,95.0,255.0,420.0,105.0,6795.0,5715.0,415.0,3740.0,California,1.696629213483146,TOP
1126,94023,215.0,175.0,5.0,15.0,15.0,5.0,358.0,307.0,24.0,200.0,California,1.6651162790697673,TOP
1127,94024,3985.0,3120.0,95.0,255.0,395.0,120.0,6635.0,5554.0,421.0,3700.0,California,1.6649937264742785,TOP
1138,94301,2865.0,2230.0,125.0,185.0,245.0,80.0,4839.0,4014.0,307.0,2635.0,California,1.6890052356020941,TOP
1140,94304,670.0,450.0,20.0,125.0,60.0,15.0,1144.0,826.0,224.0,630.0,California,1.7074626865671643,TOP
1141,94305,560.0,435.0,10.0,30.0,75.0,10.0,1170.0,1001.0,58.0,540.0,California,2.0892857142857144,TOP
1216,92067,2775.0,2100.0,55.0,200.0,310.0,110.0,4704.0,3864.0,331.0,2530.0,California,1.6951351351351351,TOP
1224,92091,365.0,285.0,10.0,35.0,30.0,5.0,615.0,503.0,61.0,345.0,California,1.6849315068493151,TOP
1302,91436,3290.0,2545.0,115.0,250.0,295.0,85.0,5453.0,4510.0,426.0,3030.0,California,1.6574468085106382,TOP
1317,91105,2990.0,2320.0,150.0,200.0,240.0,80.0,4919.0,4041.0,358.0,2695.0,California,1.6451505016722408,TOP
1445,94021,25.0,20.0,0.0,5.0,0.0,0.0,42.0,30.0,7.0,25.0,California,1.68,TOP
1448,94027,1355.0,1000.0,20.0,105.0,200.0,30.0,2386.0,1928.0,192.0,1285.0,California,1.7608856088560885,TOP
1449,94028,1590.0,1240.0,20.0,135.0,175.0,20.0,2814.0,2334.0,241.0,1530.0,California,1.769811320754717,TOP
1825,95160,115.0,90.0,10.0,5.0,5.0,5.0,193.0,162.0,11.0,95.0,California,1.6782608695652175,TOP
1909,94904,2560.0,2035.0,80.0,180.0,195.0,70.0,4199.0,3509.0,298.0,2360.0,California,1.640234375,TOP
1914,94920,3015.0,2375.0,80.0,210.0,255.0,95.0,5082.0,4272.0,364.0,2765.0,California,1.6855721393034826,TOP
1933,94957,505.0,380.0,20.0,35.0,50.0,20.0,846.0,685.0,59.0,465.0,California,1.6752475247524752,TOP
2210,90274,6340.0,4910.0,140.0,440.0,675.0,175.0,10646.0,8867.0,747.0,5885.0,California,1.679179810725552,TOP
2337,94506,3335.0,2580.0,150.0,200.0,270.0,135.0,5542.0,4549.0,330.0,2935.0,California,1.661769115442279,TOP
2338,94507,3220.0,2525.0,85.0,180.0,325.0,105.0,5347.0,4491.0,294.0,2945.0,California,1.6605590062111801,TOP
2349,94528,260.0,210.0,5.0,10.0,25.0,10.0,436.0,376.0,17.0,240.0,California,1.676923076923077,TOP
2353,94563,3905.0,2995.0,135.0,290.0,370.0,115.0,6424.0,5286.0,477.0,3585.0,California,1.6450704225352113,TOP
296,81657,435.0,355.0,10.0,25.0,40.0,5.0,722.0,616.0,41.0,405.0,Colorado,1.6597701149425288,TOP
22,6612,1220.0,980.0,55.0,70.0,65.0,50.0,2036.0,1696.0,117.0,1080.0,Connecticut,1.6688524590163933,TOP
27,6838,65.0,50.0,5.0,5.0,5.0,0.0,112.0,90.0,11.0,60.0,Connecticut,1.7230769230769232,TOP
31,6853,565.0,450.0,15.0,25.0,55.0,20.0,987.0,842.0,46.0,515.0,Connecticut,1.7469026548672566,TOP
35,6880,4590.0,3530.0,230.0,275.0,315.0,240.0,7691.0,6349.0,465.0,4020.0,Connecticut,1.675599128540305,TOP
36,6881,70.0,60.0,5.0,0.0,5.0,0.0,121.0,107.0,0.0,65.0,Connecticut,1.7285714285714286,TOP
37,6890,830.0,630.0,40.0,70.0,55.0,35.0,1382.0,1105.0,125.0,740.0,Connecticut,1.6650602409638555,TOP
50,6875,30.0,25.0,0.0,0.0,5.0,0.0,51.0,42.0,0.0,30.0,Connecticut,1.7,TOP
51,6876,50.0,40.0,0.0,5.0,0.0,5.0,83.0,68.0,9.0,45.0,Connecticut,1.66,TOP
53,6883,1345.0,1055.0,35.0,75.0,105.0,75.0,2320.0,1954.0,125.0,1195.0,Connecticut,1.724907063197026,TOP
54,6896,1665.0,1280.0,55.0,130.0,115.0,85.0,2764.0,2258.0,235.0,1465.0,Connecticut,1.6600600600600601,TOP
80,6020,50.0,45.0,5.0,0.0,0.0,0.0,85.0,78.0,0.0,45.0,Connecticut,1.7,TOP
150,6456,105.0,90.0,5.0,5.0,5.0,0.0,173.0,149.0,8.0,95.0,Connecticut,1.6476190476190475,TOP
195,6520,35.0,25.0,10.0,0.0,0.0,0.0,59.0,45.0,0.0,25.0,Connecticut,1.6857142857142857,TOP
245,6820,2520.0,1885.0,90.0,195.0,220.0,130.0,4308.0,3469.0,332.0,2260.0,Connecticut,1.7095238095238094,TOP
247,6831,2935.0,2200.0,110.0,225.0,235.0,165.0,4941.0,4015.0,386.0,2600.0,Connecticut,1.6834752981260648,TOP
249,6840,2895.0,2140.0,95.0,240.0,300.0,120.0,4995.0,3974.0,427.0,2630.0,Connecticut,1.7253886010362693,TOP
250,6870,980.0,755.0,40.0,60.0,85.0,40.0,1648.0,1369.0,96.0,880.0,Connecticut,1.6816326530612244,TOP
255,6903,2665.0,2150.0,100.0,125.0,200.0,90.0,4618.0,3959.0,207.0,2430.0,Connecticut,1.7328330206378988,TOP
349,6251,15.0,10.0,5.0,0.0,0.0,0.0,25.0,17.0,0.0,15.0,Connecticut,1.6666666666666667,TOP
60,19715,30.0,30.0,0.0,0.0,0.0,0.0,52.0,47.0,0.0,25.0,Delaware,1.7333333333333334,TOP
64,19732,80.0,65.0,5.0,5.0,5.0,0.0,149.0,131.0,5.0,75.0,Delaware,1.8625,TOP
74,19807,2045.0,1560.0,55.0,175.0,220.0,35.0,3530.0,2880.0,317.0,1915.0,Delaware,1.726161369193154,TOP
8,20004,165.0,140.0,10.0,5.0,5.0,5.0,297.0,262.0,9.0,145.0,District of Columbia,1.8,TOP
11,20007,2935.0,2385.0,80.0,180.0,215.0,75.0,5192.0,4459.0,320.0,2720.0,District of Columbia,1.7689948892674616,TOP
12,20008,3710.0,3125.0,110.0,180.0,235.0,60.0,6566.0,5803.0,295.0,3480.0,District of Columbia,1.769811320754717,TOP
17,20016,4685.0,3805.0,135.0,275.0,350.0,120.0,7999.0,6858.0,465.0,4360.0,District of Columbia,1.7073639274279615,TOP
216,33473,2350.0,1985.0,95.0,75.0,120.0,75.0,3991.0,3512.0,125.0,2075.0,Florida,1.6982978723404256,TOP
695,33109,180.0,155.0,0.0,5.0,15.0,5.0,331.0,298.0,10.0,170.0,Florida,1.8388888888888888,TOP
722,33146,1910.0,1505.0,45.0,160.0,145.0,55.0,3204.0,2677.0,277.0,1745.0,Florida,1.6774869109947643,TOP
769,33158,1140.0,890.0,45.0,80.0,95.0,30.0,1877.0,1563.0,131.0,1030.0,Florida,1.6464912280701753,TOP
1053,33921,695.0,555.0,5.0,30.0,100.0,5.0,1172.0,1005.0,52.0,675.0,Florida,1.6863309352517986,TOP
1143,34228,3485.0,2895.0,50.0,230.0,295.0,15.0,5856.0,5075.0,400.0,3330.0,Florida,1.6803443328550933,TOP
1415,33480,4130.0,3205.0,85.0,430.0,355.0,55.0,7039.0,5717.0,805.0,3890.0,Florida,1.704358353510896,TOP
103,30326,770.0,580.0,40.0,85.0,45.0,20.0,1327.0,1055.0,144.0,695.0,Georgia,1.7233766233766235,TOP
104,30327,3950.0,3000.0,100.0,335.0,405.0,110.0,6785.0,5520.0,577.0,3650.0,Georgia,1.7177215189873418,TOP
187,31561,195.0,145.0,0.0,20.0,30.0,0.0,338.0,270.0,38.0,190.0,Georgia,1.7333333333333334,TOP
112,60159,25.0,15.0,5.0,5.0,0.0,0.0,45.0,29.0,6.0,20.0,Illinois,1.8,TOP
118,60184,465.0,365.0,25.0,25.0,30.0,20.0,767.0,632.0,45.0,405.0,Illinois,1.6494623655913978,TOP
323,60601,1340.0,1130.0,45.0,65.0,75.0,25.0,2371.0,2089.0,110.0,1220.0,Illinois,1.769402985074627,TOP
325,60603,195.0,140.0,15.0,15.0,10.0,15.0,333.0,262.0,25.0,165.0,Illinois,1.7076923076923076,TOP
328,60606,250.0,210.0,10.0,10.0,10.0,10.0,471.0,421.0,16.0,225.0,Illinois,1.884,TOP
330,60611,5555.0,4500.0,200.0,380.0,415.0,60.0,10241.0,8749.0,696.0,5165.0,Illinois,1.8435643564356436,TOP
608,60022,1290.0,980.0,25.0,90.0,150.0,45.0,2328.0,1889.0,182.0,1200.0,Illinois,1.8046511627906976,TOP
609,60043,345.0,240.0,10.0,20.0,55.0,20.0,600.0,469.0,37.0,310.0,Illinois,1.7391304347826086,TOP
613,60093,3265.0,2430.0,85.0,260.0,390.0,100.0,5622.0,4526.0,451.0,3025.0,Illinois,1.7218989280245023,TOP
879,60029,100.0,80.0,0.0,5.0,10.0,5.0,167.0,143.0,7.0,95.0,Illinois,1.67,TOP
974,61424,15.0,10.0,0.0,5.0,0.0,0.0,25.0,19.0,5.0,10.0,Illinois,1.6666666666666667,TOP
1302,62622,15.0,15.0,0.0,0.0,0.0,0.0,25.0,22.0,0.0,20.0,Illinois,1.6666666666666667,TOP
1412,60011,145.0,105.0,5.0,15.0,10.0,10.0,245.0,189.0,31.0,125.0,Illinois,1.6896551724137931,TOP
1417,60035,6460.0,5000.0,270.0,440.0,575.0,175.0,10822.0,8924.0,785.0,5865.0,Illinois,1.6752321981424148,TOP
1422,60045,4080.0,3065.0,90.0,345.0,470.0,110.0,7048.0,5675.0,627.0,3780.0,Illinois,1.727450980392157,TOP
1477,60521,2350.0,1810.0,85.0,155.0,195.0,105.0,3909.0,3214.0,261.0,2090.0,Illinois,1.663404255319149,TOP
1479,60523,3690.0,3015.0,90.0,260.0,275.0,50.0,6196.0,5336.0,423.0,3465.0,Illinois,1.6791327913279133,TOP
410,46290,110.0,95.0,0.0,10.0,5.0,0.0,198.0,179.0,11.0,100.0,Indiana,1.8,TOP
296,66209,4400.0,3545.0,155.0,290.0,285.0,125.0,7262.0,6146.0,486.0,3960.0,Kansas,1.6504545454545454,TOP
298,66211,1285.0,1040.0,25.0,100.0,100.0,20.0,2181.0,1856.0,162.0,1200.0,Kansas,1.6972762645914397,TOP
315,66283,65.0,50.0,5.0,5.0,5.0,0.0,107.0,90.0,8.0,50.0,Kansas,1.646153846153846,TOP
317,66286,35.0,25.0,5.0,5.0,0.0,0.0,64.0,48.0,7.0,30.0,Kansas,1.8285714285714285,TOP
589,40025,55.0,35.0,0.0,10.0,10.0,0.0,96.0,74.0,10.0,50.0,Kentucky,1.7454545454545454,TOP
392,71240,20.0,15.0,0.0,5.0,0.0,0.0,33.0,25.0,4.0,20.0,Louisiana,1.65,TOP
510,70170,20.0,20.0,0.0,0.0,0.0,0.0,38.0,34.0,0.0,20.0,Louisiana,1.9,TOP
648,71163,15.0,15.0,0.0,0.0,0.0,0.0,25.0,21.0,0.0,15.0,Louisiana,1.6666666666666667,TOP
45,21405,170.0,145.0,5.0,5.0,10.0,5.0,288.0,260.0,10.0,160.0,Maryland,1.6941176470588235,TOP
358,20717,15.0,10.0,5.0,0.0,0.0,0.0,27.0,14.0,0.0,10.0,Maryland,1.8,TOP
383,21715,15.0,10.0,5.0,0.0,0.0,0.0,27.0,19.0,0.0,15.0,Maryland,1.8,TOP
414,20839,50.0,40.0,5.0,5.0,0.0,0.0,83.0,68.0,7.0,45.0,Maryland,1.66,TOP
417,20847,25.0,20.0,0.0,0.0,0.0,5.0,43.0,37.0,0.0,25.0,Maryland,1.72,TOP
424,20854,8750.0,6975.0,195.0,400.0,900.0,280.0,14659.0,12526.0,672.0,8105.0,Maryland,1.6753142857142858,TOP
484,20815,5480.0,4320.0,130.0,420.0,480.0,130.0,9512.0,7965.0,713.0,5155.0,Maryland,1.7357664233576642,TOP
485,20816,2635.0,2095.0,60.0,190.0,195.0,95.0,4438.0,3736.0,314.0,2450.0,Maryland,1.6842504743833018,TOP
494,20862,95.0,75.0,5.0,5.0,5.0,5.0,158.0,127.0,10.0,85.0,Maryland,1.6631578947368422,TOP
499,20896,170.0,140.0,0.0,10.0,15.0,5.0,281.0,238.0,18.0,155.0,Maryland,1.6529411764705881,TOP
518,21022,115.0,95.0,5.0,10.0,5.0,0.0,199.0,166.0,19.0,100.0,Maryland,1.7304347826086957,TOP
533,21131,1445.0,1170.0,60.0,70.0,95.0,50.0,2391.0,2034.0,127.0,1275.0,Maryland,1.6546712802768166,TOP
534,21139,50.0,45.0,5.0,0.0,0.0,0.0,86.0,80.0,0.0,50.0,Maryland,1.72,TOP
542,21210,2160.0,1745.0,80.0,125.0,135.0,75.0,3774.0,3214.0,222.0,1950.0,Maryland,1.7472222222222222,TOP
21,2108,580.0,425.0,70.0,30.0,40.0,15.0,1002.0,813.0,49.0,490.0,Massachusetts,1.7275862068965517,TOP
23,2110,455.0,355.0,25.0,20.0,40.0,15.0,847.0,730.0,32.0,420.0,Massachusetts,1.8615384615384616,TOP
38,2199,300.0,220.0,30.0,30.0,20.0,0.0,517.0,402.0,53.0,265.0,Massachusetts,1.7233333333333334,TOP
40,2210,200.0,145.0,25.0,5.0,20.0,5.0,343.0,272.0,13.0,170.0,Massachusetts,1.715,TOP
82,2138,4000.0,3140.0,245.0,220.0,265.0,130.0,6660.0,5630.0,353.0,3575.0,Massachusetts,1.665,TOP
86,2142,295.0,230.0,30.0,10.0,15.0,10.0,525.0,451.0,20.0,250.0,Massachusetts,1.7796610169491525,TOP
95,2459,3225.0,2485.0,145.0,180.0,295.0,120.0,5361.0,4449.0,301.0,2930.0,Massachusetts,1.6623255813953488,TOP
102,2467,2900.0,2210.0,110.0,235.0,260.0,85.0,4943.0,4009.0,423.0,2665.0,Massachusetts,1.7044827586206897,TOP
103,2468,970.0,730.0,45.0,45.0,115.0,35.0,1742.0,1439.0,81.0,885.0,Massachusetts,1.7958762886597939,TOP
149,1451,925.0,710.0,35.0,50.0,85.0,45.0,1550.0,1278.0,76.0,820.0,Massachusetts,1.6756756756756757,TOP
175,1770,645.0,500.0,25.0,35.0,60.0,25.0,1077.0,886.0,67.0,585.0,Massachusetts,1.669767441860465,TOP
178,2481,2200.0,1655.0,75.0,145.0,235.0,90.0,3681.0,2966.0,266.0,2005.0,Massachusetts,1.673181818181818,TOP
352,1741,830.0,660.0,25.0,50.0,65.0,30.0,1418.0,1200.0,85.0,765.0,Massachusetts,1.7084337349397591,TOP
428,2030,905.0,660.0,35.0,60.0,100.0,50.0,1551.0,1245.0,108.0,805.0,Massachusetts,1.7138121546961327,TOP
507,1965,90.0,75.0,0.0,5.0,10.0,0.0,154.0,129.0,10.0,85.0,Massachusetts,1.711111111111111,TOP
572,1718,90.0,75.0,10.0,0.0,5.0,0.0,153.0,135.0,0.0,80.0,Massachusetts,1.7,TOP
577,1773,1390.0,1065.0,45.0,95.0,145.0,40.0,2425.0,2008.0,171.0,1300.0,Massachusetts,1.7446043165467626,TOP
585,2493,1945.0,1470.0,55.0,135.0,220.0,65.0,3363.0,2727.0,246.0,1805.0,Massachusetts,1.7290488431876607,TOP
55,48104,3850.0,2965.0,315.0,190.0,230.0,150.0,6347.0,5264.0,321.0,3285.0,Michigan,1.6485714285714286,TOP
60,48113,75.0,50.0,10.0,5.0,0.0,10.0,124.0,96.0,5.0,60.0,Michigan,1.6533333333333333,TOP
155,49116,75.0,65.0,0.0,5.0,5.0,0.0,124.0,111.0,7.0,70.0,Michigan,1.6533333333333333,TOP
217,48009,3385.0,2585.0,165.0,275.0,225.0,135.0,5712.0,4667.0,470.0,2965.0,Michigan,1.6874446085672083,TOP
222,48069,450.0,380.0,20.0,20.0,25.0,5.0,746.0,656.0,34.0,395.0,Michigan,1.6577777777777778,TOP
223,48070,1115.0,920.0,50.0,60.0,55.0,30.0,1938.0,1678.0,100.0,990.0,Michigan,1.738116591928251,TOP
335,48025,3025.0,2370.0,135.0,215.0,195.0,110.0,5158.0,4282.0,378.0,2680.0,Michigan,1.7051239669421487,TOP
481,49430,20.0,15.0,0.0,5.0,0.0,0.0,33.0,27.0,5.0,20.0,Michigan,1.65,TOP
900,48098,3825.0,3065.0,170.0,220.0,245.0,125.0,6308.0,5365.0,365.0,3335.0,Michigan,1.6491503267973857,TOP
902,48301,3020.0,2285.0,120.0,250.0,260.0,105.0,5236.0,4243.0,455.0,2720.0,Michigan,1.733774834437086,TOP
903,48302,4205.0,3170.0,255.0,260.0,345.0,175.0,7191.0,5921.0,439.0,3665.0,Michigan,1.7101070154577884,TOP
905,48304,4335.0,3415.0,150.0,300.0,330.0,140.0,7477.0,6245.0,535.0,3915.0,Michigan,1.72479815455594,TOP
140,55323,20.0,20.0,0.0,0.0,0.0,0.0,40.0,39.0,0.0,20.0,Minnesota,2.0,TOP
427,56755,20.0,15.0,0.0,5.0,0.0,0.0,36.0,24.0,5.0,20.0,Minnesota,1.8,TOP
670,55402,100.0,65.0,20.0,10.0,0.0,5.0,165.0,117.0,18.0,75.0,Minnesota,1.65,TOP
135,38731,15.0,15.0,0.0,0.0,0.0,0.0,25.0,19.0,0.0,15.0,Mississippi,1.6666666666666667,TOP
212,39534,15.0,15.0,0.0,0.0,0.0,0.0,25.0,21.0,0.0,15.0,Mississippi,1.6666666666666667,TOP
378,64112,1225.0,970.0,65.0,80.0,90.0,20.0,2084.0,1724.0,139.0,1095.0,Missouri,1.7012244897959183,TOP
983,63005,2735.0,2155.0,90.0,145.0,245.0,100.0,4566.0,3843.0,238.0,2430.0,Missouri,1.6694698354661792,TOP
990,63105,2640.0,2045.0,100.0,195.0,215.0,85.0,4711.0,3878.0,366.0,2395.0,Missouri,1.784469696969697,TOP
993,63124,2475.0,1845.0,60.0,255.0,255.0,60.0,4241.0,3360.0,457.0,2305.0,Missouri,1.7135353535353535,TOP
995,63131,3675.0,2845.0,125.0,240.0,350.0,115.0,6194.0,5117.0,428.0,3335.0,Missouri,1.6854421768707484,TOP
1035,63073,215.0,175.0,5.0,10.0,15.0,10.0,373.0,324.0,12.0,190.0,Missouri,1.7348837209302326,TOP
30,89158,40.0,35.0,0.0,0.0,5.0,0.0,75.0,67.0,0.0,40.0,Nevada,1.875,TOP
267,3854,340.0,270.0,10.0,30.0,25.0,5.0,559.0,461.0,54.0,315.0,New Hampshire,1.6441176470588235,TOP
278,3871,200.0,160.0,5.0,15.0,15.0,5.0,335.0,289.0,23.0,185.0,New Hampshire,1.675,TOP
10,8738,415.0,350.0,5.0,20.0,35.0,5.0,706.0,617.0,39.0,400.0,New Jersey,1.7012048192771085,TOP
51,7979,175.0,140.0,5.0,10.0,20.0,0.0,306.0,256.0,23.0,165.0,New Jersey,1.7485714285714287,TOP
115,7028,930.0,700.0,55.0,60.0,50.0,65.0,1530.0,1235.0,101.0,780.0,New Jersey,1.6451612903225807,TOP
118,7043,1505.0,1200.0,55.0,80.0,95.0,75.0,2738.0,2309.0,143.0,1340.0,New Jersey,1.8192691029900332,TOP
122,7068,1605.0,1310.0,80.0,105.0,70.0,40.0,2667.0,2271.0,179.0,1440.0,New Jersey,1.6616822429906541,TOP
134,7039,5460.0,4250.0,270.0,300.0,345.0,295.0,8988.0,7497.0,490.0,4780.0,New Jersey,1.646153846153846,TOP
135,7041,870.0,665.0,65.0,45.0,50.0,45.0,1430.0,1168.0,75.0,745.0,New Jersey,1.6436781609195403,TOP
139,7078,1445.0,1115.0,50.0,70.0,145.0,65.0,2613.0,2180.0,130.0,1305.0,New Jersey,1.8083044982698961,TOP
140,7079,2295.0,1730.0,200.0,125.0,100.0,140.0,3781.0,3073.0,216.0,1905.0,New Jersey,1.6474945533769063,TOP
144,7830,1160.0,900.0,55.0,55.0,80.0,70.0,1908.0,1591.0,90.0,980.0,New Jersey,1.6448275862068966,TOP
150,7846,20.0,20.0,0.0,0.0,0.0,0.0,39.0,31.0,0.0,20.0,New Jersey,1.95,TOP
165,8858,190.0,140.0,10.0,15.0,25.0,0.0,327.0,254.0,24.0,170.0,New Jersey,1.7210526315789474,TOP
170,8885,50.0,35.0,5.0,5.0,5.0,0.0,85.0,67.0,8.0,45.0,New Jersey,1.7,TOP
173,8889,1925.0,1580.0,105.0,100.0,85.0,55.0,3168.0,2707.0,162.0,1705.0,New Jersey,1.6457142857142857,TOP
251,7401,1035.0,800.0,40.0,80.0,70.0,45.0,1726.0,1414.0,140.0,920.0,New Jersey,1.6676328502415458,TOP
252,7417,2165.0,1680.0,90.0,115.0,190.0,90.0,3723.0,3105.0,201.0,1925.0,New Jersey,1.7196304849884527,TOP
253,7423,720.0,585.0,15.0,50.0,45.0,25.0,1250.0,1064.0,86.0,660.0,New Jersey,1.7361111111111112,TOP
257,7446,2440.0,1950.0,110.0,145.0,130.0,105.0,4042.0,3416.0,235.0,2150.0,New Jersey,1.6565573770491804,TOP
258,7450,3425.0,2585.0,165.0,225.0,250.0,200.0,5674.0,4600.0,376.0,2965.0,New Jersey,1.6566423357664233,TOP
260,7452,1735.0,1390.0,75.0,100.0,95.0,75.0,2898.0,2442.0,170.0,1520.0,New Jersey,1.6703170028818444,TOP
261,7458,2125.0,1620.0,80.0,130.0,185.0,110.0,3614.0,2963.0,218.0,1845.0,New Jersey,1.700705882352941,TOP
263,7481,3060.0,2325.0,130.0,225.0,200.0,180.0,5078.0,4133.0,379.0,2675.0,New Jersey,1.6594771241830066,TOP
271,7620,435.0,340.0,10.0,25.0,45.0,15.0,792.0,664.0,50.0,405.0,New Jersey,1.8206896551724139,TOP
275,7627,815.0,635.0,40.0,55.0,45.0,40.0,1371.0,1141.0,91.0,705.0,New Jersey,1.6822085889570553,TOP
280,7640,880.0,715.0,30.0,55.0,45.0,35.0,1447.0,1235.0,90.0,785.0,New Jersey,1.6443181818181818,TOP
281,7641,590.0,485.0,15.0,30.0,40.0,20.0,1040.0,898.0,47.0,540.0,New Jersey,1.7627118644067796,TOP
288,7649,1500.0,1190.0,65.0,80.0,110.0,55.0,2477.0,2078.0,122.0,1330.0,New Jersey,1.6513333333333333,TOP
299,7670,2110.0,1660.0,85.0,125.0,150.0,90.0,3566.0,2980.0,213.0,1890.0,New Jersey,1.690047393364929,TOP
302,7677,1070.0,830.0,45.0,75.0,75.0,45.0,1798.0,1479.0,127.0,945.0,New Jersey,1.6803738317757009,TOP
375,7739,1240.0,940.0,55.0,95.0,95.0,55.0,2055.0,1656.0,168.0,1070.0,New Jersey,1.657258064516129,TOP
378,7750,845.0,690.0,35.0,65.0,35.0,20.0,1417.0,1188.0,106.0,730.0,New Jersey,1.676923076923077,TOP
385,7760,1435.0,1050.0,80.0,105.0,100.0,100.0,2387.0,1865.0,174.0,1175.0,New Jersey,1.6634146341463414,TOP
397,8750,1020.0,820.0,45.0,60.0,65.0,30.0,1681.0,1414.0,93.0,910.0,New Jersey,1.6480392156862744,TOP
402,8528,90.0,80.0,5.0,5.0,0.0,0.0,151.0,136.0,5.0,85.0,New Jersey,1.6777777777777778,TOP
405,8558,1190.0,940.0,45.0,65.0,85.0,55.0,2037.0,1720.0,119.0,1070.0,New Jersey,1.7117647058823529,TOP
462,7837,25.0,15.0,5.0,5.0,0.0,0.0,44.0,30.0,4.0,20.0,New Jersey,1.76,TOP
478,7045,2200.0,1765.0,115.0,135.0,105.0,80.0,3643.0,3053.0,226.0,1940.0,New Jersey,1.655909090909091,TOP
479,7046,530.0,395.0,30.0,25.0,50.0,30.0,906.0,754.0,42.0,455.0,New Jersey,1.709433962264151,TOP
508,7920,3980.0,3145.0,185.0,275.0,225.0,150.0,6592.0,5457.0,461.0,3530.0,New Jersey,1.656281407035176,TOP
509,7921,1390.0,1080.0,110.0,85.0,70.0,45.0,2296.0,1885.0,137.0,1185.0,New Jersey,1.651798561151079,TOP
510,7924,1055.0,820.0,50.0,65.0,80.0,40.0,1813.0,1506.0,108.0,940.0,New Jersey,1.718483412322275,TOP
511,7926,185.0,150.0,5.0,5.0,20.0,5.0,314.0,269.0,11.0,175.0,New Jersey,1.6972972972972973,TOP
513,7928,2625.0,2055.0,110.0,190.0,170.0,100.0,4493.0,3698.0,324.0,2350.0,New Jersey,1.7116190476190476,TOP
515,7931,550.0,420.0,20.0,35.0,55.0,20.0,976.0,799.0,65.0,495.0,New Jersey,1.7745454545454546,TOP
516,7932,2260.0,1810.0,115.0,145.0,135.0,55.0,3758.0,3175.0,232.0,2035.0,New Jersey,1.6628318584070796,TOP
517,7933,605.0,495.0,35.0,30.0,25.0,20.0,996.0,844.0,46.0,540.0,New Jersey,1.6462809917355372,TOP
518,7934,245.0,190.0,10.0,15.0,20.0,10.0,421.0,335.0,25.0,215.0,New Jersey,1.7183673469387755,TOP
531,7976,330.0,255.0,5.0,25.0,30.0,15.0,618.0,510.0,50.0,295.0,New Jersey,1.8727272727272728,TOP
548,7474,130.0,100.0,20.0,5.0,0.0,5.0,218.0,176.0,10.0,110.0,New Jersey,1.676923076923077,TOP
618,8540,6675.0,5010.0,365.0,390.0,505.0,405.0,11175.0,9175.0,637.0,5775.0,New Jersey,1.6741573033707866,TOP
619,8542,445.0,360.0,20.0,25.0,20.0,20.0,743.0,637.0,41.0,390.0,New Jersey,1.6696629213483145,TOP
620,8543,45.0,35.0,5.0,5.0,0.0,0.0,78.0,63.0,4.0,35.0,New Jersey,1.7333333333333334,TOP
621,8550,2865.0,2265.0,135.0,125.0,225.0,115.0,4761.0,3994.0,203.0,2535.0,New Jersey,1.661780104712042,TOP
624,8557,90.0,75.0,5.0,5.0,5.0,0.0,150.0,128.0,11.0,85.0,New Jersey,1.6666666666666667,TOP
626,8560,745.0,590.0,45.0,45.0,40.0,25.0,1224.0,1021.0,69.0,640.0,New Jersey,1.6429530201342282,TOP
670,7090,4260.0,3355.0,185.0,270.0,265.0,185.0,7058.0,5881.0,425.0,3745.0,New Jersey,1.6568075117370893,TOP
671,7091,40.0,30.0,5.0,5.0,0.0,0.0,66.0,50.0,11.0,35.0,New Jersey,1.65,TOP
672,7092,1535.0,1255.0,60.0,90.0,85.0,45.0,2554.0,2171.0,148.0,1390.0,New Jersey,1.663843648208469,TOP
681,7901,2815.0,2210.0,130.0,170.0,190.0,115.0,4653.0,3857.0,294.0,2515.0,New Jersey,1.652930728241563,TOP
702,7765,30.0,30.0,0.0,0.0,0.0,0.0,50.0,45.0,0.0,30.0,New Jersey,1.6666666666666667,TOP
403,11509,720.0,575.0,35.0,45.0,45.0,20.0,1258.0,1053.0,83.0,635.0,New York,1.7472222222222222,TOP
412,11557,1640.0,1295.0,85.0,90.0,115.0,55.0,2717.0,2284.0,144.0,1455.0,New York,1.6567073170731708,TOP
414,11559,1630.0,1205.0,90.0,145.0,155.0,35.0,2718.0,2166.0,244.0,1470.0,New York,1.667484662576687,TOP
419,11569,405.0,335.0,15.0,30.0,10.0,15.0,698.0,588.0,51.0,365.0,New York,1.7234567901234568,TOP
427,11598,2170.0,1670.0,130.0,125.0,165.0,80.0,3615.0,2978.0,219.0,1910.0,New York,1.6658986175115207,TOP
520,12864,15.0,15.0,0.0,0.0,0.0,0.0,26.0,22.0,0.0,15.0,New York,1.7333333333333334,TOP
611,11005,1700.0,1420.0,20.0,210.0,50.0,0.0,3187.0,2698.0,400.0,1675.0,New York,1.8747058823529412,TOP
661,11109,205.0,160.0,15.0,10.0,15.0,5.0,338.0,282.0,11.0,175.0,New York,1.648780487804878,TOP
668,11721,1255.0,945.0,100.0,80.0,70.0,60.0,2070.0,1654.0,129.0,1045.0,New York,1.649402390438247,TOP
669,11724,490.0,370.0,15.0,25.0,50.0,30.0,846.0,681.0,47.0,430.0,New York,1.726530612244898,TOP
679,11768,4740.0,3620.0,335.0,285.0,265.0,235.0,7783.0,6309.0,456.0,4015.0,New York,1.6419831223628691,TOP
692,11030,3410.0,2655.0,100.0,230.0,310.0,115.0,5976.0,4966.0,411.0,3130.0,New York,1.7524926686217008,TOP
694,11042,25.0,15.0,0.0,5.0,5.0,0.0,42.0,33.0,3.0,20.0,New York,1.68,TOP
695,11050,5660.0,4470.0,265.0,375.0,380.0,170.0,9454.0,7882.0,629.0,5095.0,New York,1.6703180212014135,TOP
699,11530,5430.0,4150.0,305.0,380.0,380.0,215.0,9237.0,7492.0,633.0,4760.0,New York,1.7011049723756906,TOP
707,11568,610.0,475.0,15.0,30.0,65.0,25.0,1091.0,921.0,56.0,555.0,New York,1.7885245901639344,TOP
708,11576,2730.0,2170.0,75.0,175.0,225.0,85.0,4788.0,4057.0,317.0,2505.0,New York,1.7538461538461538,TOP
716,11753,2160.0,1725.0,105.0,115.0,150.0,65.0,3657.0,3079.0,197.0,1935.0,New York,1.6930555555555555,TOP
718,11765,140.0,110.0,5.0,10.0,10.0,5.0,252.0,204.0,22.0,120.0,New York,1.8,TOP
719,11771,1925.0,1440.0,115.0,160.0,130.0,80.0,3197.0,2557.0,266.0,1660.0,New York,1.6607792207792207,TOP
784,10538,2620.0,2045.0,125.0,155.0,195.0,100.0,4627.0,3859.0,264.0,2340.0,New York,1.766030534351145,TOP
791,10577,500.0,370.0,15.0,20.0,45.0,50.0,890.0,729.0,43.0,440.0,New York,1.78,TOP
792,10580,2680.0,2055.0,75.0,230.0,200.0,120.0,4619.0,3772.0,411.0,2440.0,New York,1.7235074626865672,TOP
798,10804,3050.0,2455.0,115.0,170.0,210.0,100.0,5328.0,4537.0,290.0,2760.0,New York,1.7468852459016393,TOP
804,10006,100.0,75.0,10.0,5.0,5.0,5.0,168.0,137.0,3.0,75.0,New York,1.68,TOP
807,10010,4150.0,3485.0,270.0,155.0,155.0,85.0,6864.0,6057.0,231.0,3690.0,New York,1.653975903614458,TOP
817,10274,40.0,35.0,5.0,0.0,0.0,0.0,69.0,62.0,0.0,35.0,New York,1.725,TOP
819,10280,615.0,480.0,45.0,30.0,35.0,25.0,1018.0,832.0,49.0,525.0,New York,1.6552845528455284,TOP
823,10128,9710.0,7710.0,580.0,535.0,545.0,340.0,16682.0,14181.0,879.0,8590.0,New York,1.718022657054583,TOP
830,10017,2340.0,1965.0,90.0,115.0,125.0,45.0,4119.0,3600.0,206.0,2145.0,New York,1.7602564102564102,TOP
833,10020,15.0,15.0,0.0,0.0,0.0,0.0,34.0,32.0,0.0,15.0,New York,2.2666666666666666,TOP
834,10021,8495.0,7075.0,210.0,555.0,490.0,165.0,15822.0,13752.0,1049.0,7995.0,New York,1.8625073572689816,TOP
835,10022,7175.0,5935.0,180.0,425.0,425.0,210.0,13411.0,11682.0,800.0,6720.0,New York,1.8691289198606271,TOP
836,10023,11580.0,9660.0,520.0,585.0,530.0,285.0,20001.0,17491.0,991.0,10590.0,New York,1.7272020725388602,TOP
837,10024,10930.0,9035.0,545.0,495.0,550.0,305.0,18486.0,16151.0,795.0,9850.0,New York,1.6913083257090575,TOP
838,10028,8210.0,6810.0,330.0,430.0,445.0,195.0,14765.0,12791.0,778.0,7545.0,New York,1.7984165651644337,TOP
841,10065,5415.0,4490.0,135.0,380.0,330.0,80.0,10012.0,8639.0,717.0,5130.0,New York,1.848938134810711,TOP
842,10069,405.0,300.0,25.0,25.0,35.0,20.0,708.0,559.0,41.0,345.0,New York,1.7481481481481482,TOP
843,10075,4780.0,3940.0,145.0,295.0,285.0,115.0,8753.0,7522.0,564.0,4450.0,New York,1.8311715481171549,TOP
845,10107,15.0,15.0,0.0,0.0,0.0,0.0,30.0,29.0,0.0,15.0,New York,2.0,TOP
847,10111,15.0,10.0,5.0,0.0,0.0,0.0,28.0,20.0,0.0,10.0,New York,1.8666666666666667,TOP
850,10123,20.0,20.0,0.0,0.0,0.0,0.0,35.0,34.0,0.0,20.0,New York,1.75,TOP
855,10162,315.0,255.0,10.0,20.0,25.0,5.0,567.0,483.0,38.0,295.0,New York,1.8,TOP
875,10912,30.0,25.0,0.0,5.0,0.0,0.0,51.0,44.0,4.0,25.0,New York,1.7,TOP
1168,11733,3525.0,2740.0,215.0,200.0,185.0,185.0,5889.0,4881.0,321.0,3020.0,New York,1.6706382978723404,TOP
1194,11790,2970.0,2305.0,200.0,200.0,160.0,105.0,4883.0,3996.0,306.0,2555.0,New York,1.644107744107744,TOP
1204,10501,240.0,190.0,15.0,10.0,15.0,10.0,394.0,331.0,16.0,210.0,New York,1.6416666666666666,TOP
1206,10506,905.0,725.0,25.0,40.0,80.0,35.0,1591.0,1357.0,71.0,825.0,New York,1.7580110497237569,TOP
1209,10514,1410.0,1085.0,40.0,70.0,140.0,75.0,2548.0,2104.0,130.0,1260.0,New York,1.8070921985815602,TOP
1211,10518,210.0,165.0,15.0,10.0,10.0,10.0,361.0,294.0,21.0,175.0,New York,1.7190476190476192,TOP
1215,10526,300.0,245.0,20.0,15.0,15.0,5.0,505.0,431.0,26.0,265.0,New York,1.6833333333333333,TOP
1216,10527,185.0,140.0,10.0,5.0,20.0,10.0,307.0,260.0,6.0,165.0,New York,1.6594594594594594,TOP
1218,10536,1630.0,1265.0,80.0,100.0,115.0,70.0,2760.0,2278.0,170.0,1435.0,New York,1.6932515337423313,TOP
1221,10546,220.0,175.0,5.0,15.0,15.0,10.0,398.0,334.0,24.0,205.0,New York,1.809090909090909,TOP
1229,10576,970.0,780.0,25.0,45.0,70.0,50.0,1742.0,1481.0,81.0,860.0,New York,1.7958762886597939,TOP
1233,10589,3325.0,2850.0,110.0,180.0,120.0,65.0,5575.0,4893.0,311.0,3100.0,New York,1.6766917293233083,TOP
1234,10590,1100.0,840.0,75.0,60.0,65.0,60.0,1833.0,1496.0,96.0,920.0,New York,1.6663636363636363,TOP
1236,10597,170.0,135.0,5.0,10.0,10.0,10.0,307.0,254.0,21.0,150.0,New York,1.8058823529411765,TOP
1410,12604,15.0,15.0,0.0,0.0,0.0,0.0,32.0,30.0,0.0,15.0,New York,2.1333333333333333,TOP
1548,11959,450.0,360.0,20.0,25.0,35.0,10.0,751.0,629.0,43.0,405.0,New York,1.6688888888888889,TOP
1549,11960,385.0,305.0,20.0,20.0,10.0,30.0,651.0,544.0,28.0,320.0,New York,1.690909090909091,TOP
1550,11962,165.0,140.0,0.0,5.0,15.0,5.0,281.0,250.0,9.0,155.0,New York,1.7030303030303031,TOP
1553,11965,330.0,280.0,10.0,20.0,15.0,5.0,548.0,485.0,34.0,305.0,New York,1.6606060606060606,TOP
1559,11975,200.0,170.0,10.0,10.0,10.0,0.0,330.0,286.0,21.0,185.0,New York,1.65,TOP
1645,12141,15.0,15.0,0.0,0.0,0.0,0.0,25.0,21.0,0.0,15.0,New York,1.6666666666666667,TOP
1946,10964,345.0,285.0,10.0,25.0,15.0,10.0,572.0,490.0,43.0,315.0,New York,1.6579710144927535,TOP
1948,10968,535.0,440.0,20.0,25.0,35.0,15.0,924.0,805.0,41.0,485.0,New York,1.7271028037383178,TOP
1962,10504,1360.0,1005.0,65.0,70.0,105.0,115.0,2338.0,1890.0,122.0,1145.0,New York,1.7191176470588236,TOP
1963,10510,1725.0,1370.0,65.0,115.0,115.0,60.0,3010.0,2532.0,197.0,1550.0,New York,1.7449275362318841,TOP
1967,10533,1295.0,1000.0,65.0,70.0,75.0,85.0,2187.0,1811.0,125.0,1115.0,New York,1.6888030888030887,TOP
1968,10570,1960.0,1530.0,120.0,100.0,120.0,90.0,3278.0,2717.0,168.0,1690.0,New York,1.6724489795918367,TOP
1969,10583,6465.0,5120.0,250.0,385.0,480.0,230.0,11391.0,9594.0,670.0,5850.0,New York,1.7619489559164734,TOP
1977,10605,4220.0,3395.0,250.0,230.0,220.0,125.0,7110.0,6049.0,381.0,3745.0,New York,1.6848341232227488,TOP
1981,10502,1080.0,850.0,70.0,60.0,55.0,45.0,1788.0,1497.0,94.0,935.0,New York,1.6555555555555554,TOP
1982,10503,90.0,80.0,0.0,5.0,5.0,0.0,163.0,149.0,8.0,90.0,New York,1.8111111111111111,TOP
1989,10706,1740.0,1395.0,75.0,115.0,95.0,60.0,2978.0,2510.0,176.0,1565.0,New York,1.7114942528735633,TOP
1990,10708,4480.0,3635.0,235.0,265.0,205.0,140.0,7614.0,6446.0,449.0,3990.0,New York,1.6995535714285714,TOP
122,28207,1435.0,1115.0,30.0,110.0,150.0,30.0,2499.0,2066.0,203.0,1350.0,North Carolina,1.7414634146341463,TOP
334,44040,820.0,655.0,25.0,55.0,65.0,20.0,1361.0,1143.0,98.0,760.0,Ohio,1.6597560975609755,TOP
333,19017,100.0,70.0,10.0,10.0,5.0,5.0,166.0,124.0,17.0,80.0,Pennsylvania,1.66,TOP
354,19085,1045.0,825.0,25.0,55.0,115.0,25.0,1782.0,1499.0,97.0,965.0,Pennsylvania,1.7052631578947368,TOP
356,19087,4950.0,3865.0,230.0,295.0,350.0,210.0,8251.0,6869.0,490.0,4385.0,Pennsylvania,1.6668686868686868,TOP
571,18913,110.0,90.0,10.0,5.0,5.0,0.0,181.0,150.0,7.0,95.0,Pennsylvania,1.6454545454545455,TOP
581,18933,55.0,45.0,0.0,0.0,5.0,5.0,93.0,81.0,0.0,45.0,Pennsylvania,1.690909090909091,TOP
591,18963,185.0,160.0,0.0,10.0,10.0,5.0,310.0,278.0,15.0,175.0,Pennsylvania,1.6756756756756757,TOP
595,18977,1195.0,980.0,50.0,60.0,85.0,20.0,2047.0,1752.0,104.0,1095.0,Pennsylvania,1.7129707112970711,TOP
815,15502,90.0,80.0,5.0,5.0,0.0,0.0,155.0,138.0,9.0,80.0,Pennsylvania,1.7222222222222223,TOP
1149,18918,15.0,15.0,0.0,0.0,0.0,0.0,25.0,21.0,0.0,15.0,Pennsylvania,1.6666666666666667,TOP
1155,19004,2165.0,1725.0,95.0,145.0,135.0,65.0,3726.0,3121.0,260.0,1970.0,Pennsylvania,1.7210161662817551,TOP
1156,19010,3585.0,2775.0,185.0,275.0,220.0,130.0,5955.0,4871.0,478.0,3200.0,Pennsylvania,1.6610878661087867,TOP
1157,19025,1105.0,885.0,55.0,65.0,60.0,40.0,1826.0,1542.0,110.0,985.0,Pennsylvania,1.6524886877828053,TOP
1160,19035,1015.0,755.0,25.0,100.0,105.0,30.0,1840.0,1468.0,194.0,945.0,Pennsylvania,1.812807881773399,TOP
1161,19041,1520.0,1200.0,40.0,135.0,105.0,40.0,2751.0,2298.0,240.0,1410.0,Pennsylvania,1.8098684210526317,TOP
1163,19066,990.0,820.0,25.0,55.0,60.0,30.0,1629.0,1403.0,93.0,925.0,Pennsylvania,1.6454545454545455,TOP
1164,19072,1860.0,1480.0,100.0,100.0,105.0,75.0,3196.0,2688.0,180.0,1630.0,Pennsylvania,1.718279569892473,TOP
1167,19096,2910.0,2240.0,135.0,205.0,210.0,120.0,4912.0,4047.0,353.0,2600.0,Pennsylvania,1.6879725085910653,TOP
1181,19436,415.0,350.0,0.0,40.0,25.0,0.0,726.0,629.0,71.0,415.0,Pennsylvania,1.7493975903614458,TOP
1182,19437,300.0,245.0,10.0,15.0,25.0,5.0,526.0,454.0,24.0,280.0,Pennsylvania,1.7533333333333334,TOP
1186,19444,2250.0,1790.0,110.0,185.0,95.0,70.0,3700.0,3069.0,308.0,2015.0,Pennsylvania,1.6444444444444444,TOP
1232,19103,4300.0,3545.0,225.0,260.0,195.0,75.0,7358.0,6328.0,441.0,3930.0,Pennsylvania,1.7111627906976745,TOP
1234,19106,2040.0,1680.0,110.0,110.0,110.0,30.0,3694.0,3192.0,189.0,1870.0,Pennsylvania,1.8107843137254902,TOP
1294,15015,325.0,265.0,10.0,25.0,15.0,10.0,546.0,465.0,43.0,290.0,Pennsylvania,1.68,TOP
1344,15142,425.0,340.0,20.0,35.0,20.0,10.0,733.0,611.0,59.0,375.0,Pennsylvania,1.724705882352941,TOP
1418,19535,55.0,50.0,0.0,0.0,5.0,0.0,92.0,81.0,0.0,55.0,Pennsylvania,1.6727272727272726,TOP
1864,19333,1210.0,925.0,50.0,95.0,100.0,40.0,2058.0,1679.0,165.0,1085.0,Pennsylvania,1.7008264462809917,TOP
1876,19353,20.0,20.0,0.0,0.0,0.0,0.0,33.0,30.0,0.0,20.0,Pennsylvania,1.65,TOP
1879,19357,70.0,55.0,0.0,5.0,10.0,0.0,121.0,96.0,15.0,70.0,Pennsylvania,1.7285714285714286,TOP
1896,19395,75.0,60.0,5.0,5.0,5.0,0.0,128.0,111.0,8.0,65.0,Pennsylvania,1.7066666666666668,TOP
1898,19421,110.0,95.0,5.0,5.0,5.0,0.0,193.0,172.0,10.0,100.0,Pennsylvania,1.7545454545454546,TOP
1903,19480,40.0,30.0,0.0,0.0,5.0,5.0,75.0,64.0,0.0,35.0,Pennsylvania,1.875,TOP
1904,19481,195.0,160.0,5.0,5.0,20.0,5.0,340.0,296.0,12.0,185.0,Pennsylvania,1.7435897435897436,TOP
72,2881,445.0,360.0,25.0,20.0,30.0,10.0,739.0,635.0,36.0,400.0,Rhode Island,1.6606741573033708,TOP
168,29122,15.0,15.0,0.0,0.0,0.0,0.0,25.0,23.0,0.0,15.0,South Carolina,1.6666666666666667,TOP
299,29603,30.0,20.0,0.0,5.0,0.0,5.0,56.0,46.0,5.0,25.0,South Carolina,1.8666666666666667,TOP
376,29117,25.0,25.0,0.0,0.0,0.0,0.0,43.0,40.0,0.0,25.0,South Carolina,1.72,TOP
205,69212,15.0,15.0,0.0,0.0,0.0,0.0,25.0,21.0,0.0,20.0,South Dakota,1.6666666666666667,TOP
340,57186,20.0,20.0,0.0,0.0,0.0,0.0,41.0,39.0,0.0,20.0,South Dakota,2.05,TOP
38,37350,455.0,335.0,10.0,50.0,50.0,10.0,757.0,598.0,86.0,420.0,Tennessee,1.6637362637362638,TOP
517,38120,2855.0,2175.0,135.0,245.0,215.0,85.0,4764.0,3873.0,409.0,2540.0,Tennessee,1.6686514886164623,TOP
605,37201,60.0,45.0,10.0,0.0,5.0,0.0,105.0,84.0,0.0,40.0,Tennessee,1.75,TOP
609,37205,5105.0,4020.0,165.0,460.0,350.0,110.0,8504.0,7018.0,786.0,4695.0,Tennessee,1.6658178256611165,TOP
616,37215,4480.0,3530.0,125.0,370.0,355.0,100.0,7670.0,6360.0,652.0,4150.0,Tennessee,1.7120535714285714,TOP
725,37383,35.0,30.0,0.0,5.0,0.0,0.0,69.0,61.0,4.0,30.0,Tennessee,1.9714285714285715,TOP
196,78731,4280.0,3225.0,170.0,370.0,390.0,125.0,7072.0,5693.0,629.0,3870.0,Texas,1.652336448598131,TOP
201,78746,3580.0,2655.0,90.0,270.0,410.0,155.0,6020.0,4851.0,450.0,3235.0,Texas,1.681564245810056,TOP
612,75202,135.0,100.0,20.0,0.0,5.0,10.0,224.0,181.0,0.0,105.0,Texas,1.6592592592592592,TOP
645,75205,2445.0,1755.0,70.0,190.0,315.0,115.0,4270.0,3353.0,343.0,2205.0,Texas,1.7464212678936606,TOP
647,75207,95.0,75.0,5.0,5.0,5.0,5.0,169.0,139.0,11.0,80.0,Texas,1.7789473684210526,TOP
655,75225,4355.0,3215.0,95.0,480.0,455.0,110.0,7604.0,5953.0,877.0,4075.0,Texas,1.7460390355912745,TOP
657,75230,5220.0,3995.0,230.0,420.0,440.0,135.0,8652.0,7041.0,705.0,4740.0,Texas,1.657471264367816,TOP
1057,77024,6140.0,4495.0,175.0,555.0,750.0,165.0,10382.0,8249.0,950.0,5685.0,Texas,1.6908794788273616,TOP
1063,77056,3520.0,2660.0,100.0,350.0,355.0,55.0,6284.0,5107.0,631.0,3295.0,Texas,1.7852272727272727,TOP
1111,77005,3255.0,2520.0,95.0,205.0,320.0,115.0,5836.0,4892.0,335.0,2970.0,Texas,1.7929339477726574,TOP
1116,77010,45.0,35.0,0.0,5.0,5.0,0.0,97.0,84.0,8.0,45.0,Texas,2.1555555555555554,TOP
1118,77019,2510.0,1845.0,155.0,180.0,240.0,90.0,4207.0,3384.0,302.0,2200.0,Texas,1.6760956175298805,TOP
1124,77027,2110.0,1595.0,105.0,180.0,180.0,50.0,3675.0,2979.0,311.0,1910.0,Texas,1.7417061611374407,TOP
1125,77030,1015.0,820.0,50.0,60.0,60.0,25.0,1751.0,1495.0,93.0,930.0,Texas,1.7251231527093596,TOP
1126,77046,255.0,185.0,5.0,25.0,30.0,10.0,438.0,353.0,40.0,240.0,Texas,1.7176470588235293,TOP
1129,77098,1555.0,1210.0,80.0,115.0,115.0,35.0,2653.0,2202.0,188.0,1390.0,Texas,1.7061093247588424,TOP
1137,77227,125.0,105.0,0.0,10.0,10.0,0.0,211.0,183.0,15.0,115.0,Texas,1.688,TOP
1144,77256,45.0,35.0,0.0,5.0,5.0,0.0,77.0,60.0,8.0,40.0,Texas,1.711111111111111,TOP
1189,77401,2080.0,1585.0,70.0,135.0,195.0,95.0,3508.0,2894.0,208.0,1845.0,Texas,1.6865384615384615,TOP
170,5848,35.0,30.0,0.0,0.0,5.0,0.0,61.0,51.0,0.0,30.0,Vermont,1.7428571428571429,TOP
67,22106,40.0,40.0,0.0,0.0,0.0,0.0,68.0,64.0,0.0,35.0,Virginia,1.7,TOP
89,22320,20.0,15.0,0.0,0.0,5.0,0.0,33.0,28.0,0.0,20.0,Virginia,1.65,TOP
102,22215,15.0,15.0,0.0,0.0,0.0,0.0,27.0,27.0,0.0,20.0,Virginia,1.8,TOP
335,20194,1360.0,1070.0,65.0,65.0,100.0,60.0,2299.0,1925.0,107.0,1180.0,Virginia,1.6904411764705882,TOP
345,22039,3000.0,2445.0,95.0,110.0,250.0,100.0,4961.0,4285.0,176.0,2710.0,Virginia,1.6536666666666666,TOP
346,22066,2700.0,2190.0,65.0,100.0,255.0,90.0,4504.0,3888.0,166.0,2475.0,Virginia,1.6681481481481482,TOP
519,24595,25.0,20.0,0.0,5.0,0.0,0.0,48.0,41.0,4.0,25.0,Virginia,1.92,TOP
32,98039,560.0,435.0,10.0,30.0,65.0,20.0,943.0,786.0,49.0,525.0,Washington,1.6839285714285714,TOP
387,98139,100.0,90.0,5.0,0.0,5.0,0.0,166.0,155.0,0.0,95.0,Washington,1.66,TOP
411,53726,480.0,375.0,20.0,15.0,40.0,30.0,800.0,688.0,28.0,410.0,Wisconsin,1.6666666666666667,TOP
130,83012,60.0,50.0,0.0,5.0,5.0,0.0,101.0,88.0,8.0,55.0,Wyoming,1.6833333333333333,TOP
133,83025,120.0,100.0,5.0,0.0,15.0,0.0,215.0,187.0,0.0,115.0,Wyoming,1.7916666666666667,TOP
297,36362,75.0,35.0,10.0,0.0,5.0,25.0,59.0,38.0,0.0,35.0,Alabama,0.7866666666666666,BOT
594,36113,15.0,5.0,0.0,0.0,0.0,10.0,12.0,6.0,0.0,5.0,Alabama,0.8,BOT
32,99551,75.0,35.0,5.0,10.0,5.0,20.0,55.0,28.0,10.0,45.0,Alaska,0.7333333333333333,BOT
33,99552,40.0,15.0,5.0,5.0,0.0,15.0,29.0,15.0,2.0,20.0,Alaska,0.725,BOT
34,99554,65.0,30.0,5.0,5.0,5.0,20.0,45.0,25.0,3.0,40.0,Alaska,0.6923076923076923,BOT
39,99561,60.0,25.0,5.0,5.0,5.0,20.0,42.0,21.0,3.0,30.0,Alaska,0.7,BOT
40,99563,75.0,30.0,5.0,15.0,5.0,20.0,58.0,27.0,12.0,40.0,Alaska,0.7733333333333333,BOT
51,99578,55.0,30.0,0.0,10.0,5.0,10.0,39.0,27.0,5.0,35.0,Alaska,0.7090909090909091,BOT
54,99585,55.0,25.0,10.0,0.0,0.0,20.0,39.0,22.0,0.0,25.0,Alaska,0.7090909090909091,BOT
62,99604,120.0,45.0,10.0,15.0,10.0,40.0,87.0,42.0,14.0,55.0,Alaska,0.725,BOT
65,99607,20.0,10.0,0.0,0.0,5.0,5.0,13.0,10.0,0.0,10.0,Alaska,0.65,BOT
66,99609,70.0,30.0,10.0,10.0,5.0,15.0,52.0,27.0,7.0,40.0,Alaska,0.7428571428571429,BOT
73,99620,60.0,30.0,5.0,5.0,0.0,20.0,42.0,26.0,4.0,35.0,Alaska,0.7,BOT
74,99621,85.0,40.0,5.0,10.0,0.0,30.0,64.0,39.0,6.0,50.0,Alaska,0.7529411764705882,BOT
78,99626,35.0,10.0,5.0,5.0,5.0,10.0,23.0,11.0,1.0,10.0,Alaska,0.6571428571428571,BOT
80,99628,55.0,30.0,15.0,0.0,0.0,10.0,40.0,23.0,0.0,30.0,Alaska,0.7272727272727273,BOT
84,99632,80.0,35.0,5.0,10.0,0.0,30.0,60.0,35.0,8.0,45.0,Alaska,0.75,BOT
88,99636,50.0,30.0,0.0,10.0,0.0,10.0,35.0,26.0,4.0,35.0,Alaska,0.7,BOT
91,99640,15.0,10.0,5.0,0.0,0.0,0.0,12.0,7.0,0.0,10.0,Alaska,0.8,BOT
97,99650,65.0,15.0,5.0,10.0,5.0,30.0,40.0,15.0,6.0,25.0,Alaska,0.6153846153846154,BOT
101,99655,75.0,40.0,10.0,10.0,5.0,10.0,55.0,34.0,8.0,50.0,Alaska,0.7333333333333333,BOT
102,99657,25.0,15.0,0.0,5.0,0.0,5.0,16.0,10.0,1.0,15.0,Alaska,0.64,BOT
106,99662,60.0,30.0,5.0,5.0,0.0,20.0,43.0,26.0,5.0,35.0,Alaska,0.7166666666666667,BOT
109,99666,30.0,10.0,0.0,0.0,5.0,15.0,22.0,10.0,0.0,15.0,Alaska,0.7333333333333333,BOT
111,99668,20.0,15.0,0.0,0.0,0.0,5.0,16.0,11.0,0.0,10.0,Alaska,0.8,BOT
117,99678,115.0,55.0,15.0,10.0,5.0,30.0,86.0,54.0,5.0,60.0,Alaska,0.7478260869565218,BOT
118,99679,55.0,15.0,10.0,10.0,0.0,20.0,33.0,15.0,4.0,20.0,Alaska,0.6,BOT
119,99680,60.0,30.0,5.0,5.0,5.0,15.0,42.0,25.0,4.0,35.0,Alaska,0.7,BOT
120,99681,45.0,25.0,5.0,5.0,0.0,10.0,32.0,22.0,3.0,30.0,Alaska,0.7111111111111111,BOT
121,99682,20.0,15.0,0.0,0.0,0.0,5.0,16.0,12.0,0.0,10.0,Alaska,0.8,BOT
127,99690,15.0,10.0,0.0,0.0,0.0,5.0,12.0,9.0,0.0,10.0,Alaska,0.8,BOT
128,99691,15.0,10.0,5.0,0.0,0.0,0.0,12.0,8.0,0.0,10.0,Alaska,0.8,BOT
134,99671,65.0,30.0,10.0,5.0,0.0,20.0,47.0,24.0,5.0,30.0,Alaska,0.7230769230769231,BOT
151,99722,20.0,15.0,5.0,0.0,0.0,0.0,15.0,11.0,0.0,15.0,Alaska,0.75,BOT
157,99732,15.0,15.0,0.0,0.0,0.0,0.0,12.0,12.0,0.0,10.0,Alaska,0.8,BOT
164,99742,85.0,45.0,5.0,10.0,0.0,25.0,67.0,42.0,7.0,45.0,Alaska,0.788235294117647,BOT
172,99751,20.0,5.0,5.0,5.0,0.0,5.0,13.0,7.0,1.0,5.0,Alaska,0.65,BOT
175,99754,15.0,10.0,5.0,0.0,0.0,0.0,12.0,8.0,0.0,10.0,Alaska,0.8,BOT
178,99758,30.0,20.0,0.0,0.0,0.0,10.0,23.0,16.0,0.0,20.0,Alaska,0.7666666666666667,BOT
184,99764,45.0,35.0,5.0,5.0,0.0,0.0,36.0,29.0,2.0,30.0,Alaska,0.8,BOT
185,99765,35.0,20.0,0.0,5.0,5.0,5.0,27.0,14.0,6.0,25.0,Alaska,0.7714285714285715,BOT
188,99769,115.0,50.0,10.0,15.0,5.0,35.0,72.0,40.0,9.0,60.0,Alaska,0.6260869565217392,BOT
189,99770,90.0,35.0,10.0,5.0,5.0,35.0,61.0,25.0,4.0,35.0,Alaska,0.6777777777777778,BOT
191,99772,80.0,35.0,10.0,5.0,5.0,25.0,58.0,35.0,3.0,40.0,Alaska,0.725,BOT
193,99776,20.0,10.0,5.0,0.0,0.0,5.0,15.0,8.0,0.0,15.0,Alaska,0.75,BOT
197,99781,30.0,15.0,5.0,5.0,0.0,5.0,21.0,11.0,3.0,15.0,Alaska,0.7,BOT
200,99784,25.0,15.0,5.0,0.0,0.0,5.0,19.0,12.0,0.0,15.0,Alaska,0.76,BOT
201,99785,45.0,15.0,10.0,0.0,0.0,20.0,35.0,15.0,0.0,10.0,Alaska,0.7777777777777778,BOT
210,99811,245.0,50.0,50.0,10.0,0.0,135.0,181.0,52.0,10.0,60.0,Alaska,0.7387755102040816,BOT
228,99923,45.0,30.0,5.0,5.0,5.0,0.0,36.0,27.0,2.0,30.0,Alaska,0.8,BOT
82,85613,40.0,0.0,5.0,5.0,0.0,30.0,29.0,0.0,6.0,10.0,Arizona,0.725,BOT
100,86031,305.0,170.0,45.0,35.0,20.0,35.0,232.0,138.0,24.0,220.0,Arizona,0.760655737704918,BOT
102,86034,300.0,155.0,45.0,30.0,20.0,50.0,236.0,136.0,25.0,185.0,Arizona,0.7866666666666666,BOT
106,86043,235.0,125.0,25.0,30.0,10.0,45.0,188.0,117.0,20.0,155.0,Arizona,0.8,BOT
111,86507,305.0,145.0,45.0,50.0,20.0,45.0,237.0,130.0,33.0,195.0,Arizona,0.7770491803278688,BOT
112,86510,630.0,275.0,120.0,75.0,40.0,120.0,487.0,257.0,44.0,345.0,Arizona,0.773015873015873,BOT
114,86520,270.0,125.0,30.0,45.0,15.0,55.0,177.0,89.0,26.0,165.0,Arizona,0.6555555555555556,BOT
115,86535,140.0,55.0,20.0,25.0,10.0,30.0,97.0,48.0,21.0,80.0,Arizona,0.6928571428571428,BOT
117,86540,125.0,45.0,15.0,25.0,10.0,30.0,85.0,40.0,15.0,75.0,Arizona,0.68,BOT
118,86544,130.0,65.0,15.0,20.0,10.0,20.0,100.0,54.0,15.0,90.0,Arizona,0.7692307692307693,BOT
120,86547,95.0,45.0,15.0,15.0,10.0,10.0,70.0,37.0,9.0,65.0,Arizona,0.7368421052631579,BOT
122,87420,20.0,10.0,0.0,10.0,0.0,0.0,10.0,4.0,4.0,15.0,Arizona,0.5,BOT
134,86021,435.0,155.0,25.0,15.0,15.0,225.0,287.0,159.0,12.0,160.0,Arizona,0.6597701149425287,BOT
157,86508,135.0,85.0,20.0,10.0,10.0,10.0,103.0,67.0,7.0,95.0,Arizona,0.762962962962963,BOT
408,85530,270.0,105.0,60.0,30.0,15.0,60.0,212.0,91.0,29.0,135.0,Arizona,0.7851851851851852,BOT
430,85926,235.0,105.0,40.0,15.0,5.0,70.0,186.0,105.0,11.0,110.0,Arizona,0.7914893617021277,BOT
434,85930,95.0,40.0,20.0,5.0,5.0,25.0,74.0,36.0,5.0,40.0,Arizona,0.7789473684210526,BOT
514,85349,4775.0,2925.0,550.0,405.0,475.0,420.0,3122.0,1994.0,305.0,3075.0,Arizona,0.6538219895287958,BOT
691,75504,15.0,5.0,5.0,0.0,0.0,5.0,6.0,2.0,0.0,5.0,Arkansas,0.4,BOT
115,93203,1895.0,1150.0,305.0,115.0,110.0,215.0,1401.0,906.0,96.0,1170.0,California,0.7393139841688654,BOT
120,93241,1595.0,960.0,285.0,120.0,75.0,155.0,1253.0,795.0,100.0,995.0,California,0.7855799373040753,BOT
313,93216,485.0,310.0,85.0,25.0,25.0,40.0,385.0,259.0,20.0,315.0,California,0.7938144329896907,BOT
315,93219,1040.0,670.0,160.0,65.0,40.0,105.0,746.0,501.0,49.0,675.0,California,0.7173076923076923,BOT
317,93249,155.0,90.0,20.0,10.0,15.0,20.0,120.0,79.0,8.0,95.0,California,0.7741935483870968,BOT
318,93250,1330.0,805.0,220.0,80.0,70.0,155.0,1065.0,700.0,70.0,810.0,California,0.8007518796992481,BOT
319,93261,320.0,210.0,55.0,15.0,20.0,20.0,224.0,155.0,13.0,205.0,California,0.7,BOT
353,92231,9220.0,5775.0,1160.0,930.0,915.0,440.0,6735.0,4338.0,812.0,6620.0,California,0.7304772234273319,BOT
527,93771,35.0,25.0,5.0,0.0,0.0,5.0,26.0,21.0,0.0,25.0,California,0.7428571428571429,BOT
547,93646,1110.0,720.0,170.0,50.0,50.0,120.0,838.0,586.0,35.0,730.0,California,0.7549549549549549,BOT
548,93648,1665.0,1140.0,225.0,90.0,75.0,135.0,1238.0,880.0,72.0,1155.0,California,0.7435435435435436,BOT
562,93234,585.0,375.0,85.0,45.0,35.0,45.0,448.0,293.0,39.0,380.0,California,0.7658119658119659,BOT
563,93608,120.0,75.0,10.0,10.0,20.0,5.0,94.0,68.0,10.0,85.0,California,0.7833333333333333,BOT
567,93652,110.0,75.0,10.0,10.0,5.0,10.0,88.0,63.0,8.0,75.0,California,0.8,BOT
569,93660,445.0,260.0,55.0,30.0,50.0,50.0,353.0,241.0,23.0,280.0,California,0.7932584269662921,BOT
571,93701,1290.0,545.0,435.0,95.0,30.0,185.0,1016.0,455.0,79.0,605.0,California,0.7875968992248062,BOT
577,93716,20.0,15.0,0.0,0.0,0.0,5.0,14.0,10.0,0.0,15.0,California,0.7,BOT
578,93717,30.0,15.0,5.0,0.0,5.0,5.0,24.0,17.0,0.0,20.0,California,0.8,BOT
579,93718,70.0,10.0,0.0,0.0,0.0,60.0,34.0,8.0,0.0,10.0,California,0.4857142857142857,BOT
651,93239,160.0,95.0,20.0,10.0,15.0,20.0,124.0,81.0,10.0,105.0,California,0.775,BOT
730,92236,4060.0,2380.0,660.0,250.0,295.0,475.0,3143.0,1983.0,210.0,2480.0,California,0.7741379310344828,BOT
735,92254,1350.0,805.0,215.0,85.0,85.0,160.0,891.0,555.0,65.0,780.0,California,0.66,BOT
913,90057,3685.0,2525.0,500.0,205.0,280.0,175.0,2779.0,1980.0,171.0,2765.0,California,0.7541383989145183,BOT
922,90011,7175.0,4370.0,1225.0,460.0,505.0,615.0,5641.0,3587.0,391.0,4685.0,California,0.7862020905923345,BOT
966,90006,5250.0,3620.0,675.0,290.0,385.0,280.0,4043.0,2897.0,247.0,3965.0,California,0.770095238095238,BOT
983,93640,1200.0,760.0,170.0,80.0,80.0,110.0,894.0,612.0,66.0,770.0,California,0.745,BOT
1023,95365,655.0,420.0,100.0,40.0,45.0,50.0,508.0,358.0,29.0,450.0,California,0.7755725190839695,BOT
1260,93032,290.0,170.0,55.0,20.0,20.0,25.0,229.0,144.0,18.0,190.0,California,0.7896551724137931,BOT
1606,93915,365.0,195.0,65.0,25.0,35.0,45.0,269.0,163.0,17.0,225.0,California,0.736986301369863,BOT
1666,92415,415.0,85.0,80.0,10.0,5.0,235.0,288.0,94.0,10.0,105.0,California,0.6939759036144578,BOT
1740,94120,70.0,15.0,5.0,0.0,0.0,50.0,54.0,19.0,0.0,15.0,California,0.7714285714285715,BOT
2187,47876,15.0,15.0,0.0,0.0,0.0,0.0,8.0,8.0,0.0,15.0,California,0.5333333333333333,BOT
2330,93615,660.0,465.0,85.0,45.0,20.0,45.0,505.0,359.0,39.0,475.0,California,0.7651515151515151,BOT
2332,93647,1350.0,925.0,180.0,80.0,55.0,110.0,1067.0,767.0,74.0,940.0,California,0.7903703703703704,BOT
2334,93670,35.0,25.0,5.0,0.0,0.0,5.0,22.0,17.0,0.0,25.0,California,0.6285714285714286,BOT
2396,95568,25.0,20.0,0.0,0.0,0.0,5.0,20.0,15.0,0.0,15.0,California,0.8,BOT
386,33010,8000.0,5735.0,940.0,475.0,535.0,315.0,6260.0,4725.0,406.0,6320.0,Florida,0.7825,BOT
705,33128,1255.0,790.0,215.0,75.0,60.0,115.0,837.0,543.0,55.0,855.0,Florida,0.6669322709163347,BOT
706,33130,3315.0,2300.0,480.0,215.0,220.0,100.0,2501.0,1791.0,177.0,2555.0,Florida,0.7544494720965309,BOT
713,33125,9050.0,6360.0,1140.0,570.0,555.0,425.0,7239.0,5328.0,499.0,6960.0,Florida,0.799889502762431,BOT
720,33135,6400.0,4545.0,785.0,425.0,420.0,225.0,5046.0,3758.0,369.0,5045.0,Florida,0.7884375,BOT
838,34143,805.0,560.0,100.0,40.0,30.0,75.0,631.0,461.0,34.0,565.0,Florida,0.7838509316770186,BOT
572,31062,20.0,0.0,10.0,0.0,0.0,10.0,16.0,0.0,0.0,0.0,Georgia,0.8,BOT
77,96850,75.0,25.0,10.0,0.0,0.0,40.0,52.0,20.0,0.0,25.0,Hawaii,0.6933333333333334,BOT
48,83720,100.0,0.0,0.0,0.0,0.0,100.0,44.0,0.0,0.0,0.0,Idaho,0.44,BOT
293,83343,15.0,10.0,0.0,0.0,5.0,0.0,12.0,12.0,0.0,10.0,Idaho,0.8,BOT
71,60539,15.0,0.0,0.0,0.0,0.0,15.0,10.0,0.0,0.0,0.0,Illinois,0.6666666666666666,BOT
889,60082,120.0,120.0,0.0,0.0,0.0,0.0,63.0,63.0,0.0,120.0,Illinois,0.525,BOT
1038,61654,105.0,5.0,75.0,0.0,0.0,25.0,83.0,6.0,0.0,5.0,Illinois,0.7904761904761904,BOT
1249,61106,30.0,15.0,10.0,0.0,0.0,5.0,22.0,9.0,0.0,15.0,Illinois,0.7333333333333333,BOT
1334,62701,1095.0,100.0,90.0,10.0,5.0,890.0,610.0,122.0,12.0,110.0,Illinois,0.5570776255707762,BOT
1345,62794,110.0,65.0,35.0,0.0,0.0,10.0,80.0,45.0,0.0,65.0,Illinois,0.7272727272727273,BOT
1379,47876,20.0,20.0,0.0,0.0,0.0,0.0,8.0,8.0,0.0,20.0,Illinois,0.4,BOT
1468,54481,15.0,15.0,0.0,0.0,0.0,0.0,5.0,5.0,0.0,15.0,Illinois,0.3333333333333333,BOT
854,47876,760.0,750.0,5.0,5.0,0.0,0.0,517.0,508.0,5.0,740.0,Indiana,0.6802631578947368,BOT
438,50319,160.0,5.0,0.0,0.0,0.0,155.0,75.0,3.0,0.0,0.0,Iowa,0.46875,BOT
424,66442,140.0,20.0,40.0,10.0,0.0,70.0,102.0,20.0,11.0,30.0,Kansas,0.7285714285714285,BOT
109,40061,85.0,85.0,0.0,0.0,0.0,0.0,50.0,50.0,0.0,85.0,Kentucky,0.5882352941176471,BOT
158,40932,85.0,30.0,30.0,5.0,10.0,10.0,68.0,28.0,5.0,35.0,Kentucky,0.8,BOT
165,40951,30.0,10.0,10.0,5.0,0.0,5.0,22.0,7.0,4.0,10.0,Kentucky,0.7333333333333333,BOT
169,40982,65.0,20.0,20.0,5.0,5.0,15.0,45.0,20.0,4.0,30.0,Kentucky,0.6923076923076923,BOT
172,40997,45.0,15.0,10.0,5.0,5.0,10.0,33.0,15.0,2.0,20.0,Kentucky,0.7333333333333333,BOT
325,40621,1655.0,225.0,280.0,50.0,15.0,1085.0,1084.0,238.0,46.0,410.0,Kentucky,0.6549848942598188,BOT
497,41351,15.0,5.0,5.0,5.0,0.0,0.0,10.0,3.0,1.0,5.0,Kentucky,0.6666666666666666,BOT
499,41364,65.0,30.0,15.0,10.0,0.0,10.0,46.0,23.0,5.0,35.0,Kentucky,0.7076923076923077,BOT
502,41368,35.0,15.0,10.0,5.0,0.0,5.0,26.0,14.0,1.0,15.0,Kentucky,0.7428571428571429,BOT
546,40574,15.0,10.0,5.0,0.0,0.0,0.0,11.0,9.0,0.0,10.0,Kentucky,0.7333333333333333,BOT
664,41135,60.0,30.0,15.0,5.0,5.0,5.0,47.0,24.0,6.0,30.0,Kentucky,0.7833333333333333,BOT
715,42356,125.0,120.0,0.0,0.0,0.0,5.0,71.0,68.0,0.0,120.0,Kentucky,0.568,BOT
132,70831,25.0,10.0,10.0,0.0,0.0,5.0,18.0,7.0,0.0,5.0,Louisiana,0.72,BOT
448,71066,25.0,15.0,5.0,0.0,0.0,5.0,19.0,12.0,0.0,15.0,Louisiana,0.76,BOT
511,70172,20.0,20.0,0.0,0.0,0.0,0.0,15.0,11.0,0.0,15.0,Louisiana,0.75,BOT
574,71345,80.0,35.0,20.0,5.0,5.0,15.0,63.0,33.0,4.0,40.0,Louisiana,0.7875,BOT
76,4333,35.0,0.0,15.0,0.0,0.0,20.0,23.0,0.0,0.0,0.0,Maine,0.6571428571428571,BOT
565,19806,25.0,25.0,0.0,0.0,0.0,0.0,6.0,6.0,0.0,25.0,Maryland,0.24,BOT
337,1840,1100.0,470.0,385.0,55.0,60.0,130.0,816.0,357.0,40.0,555.0,Massachusetts,0.7418181818181818,BOT
487,2187,20.0,15.0,0.0,0.0,0.0,5.0,16.0,11.0,0.0,15.0,Massachusetts,0.8,BOT
543,1105,2460.0,660.0,965.0,115.0,60.0,660.0,1936.0,626.0,82.0,875.0,Massachusetts,0.7869918699186992,BOT
545,1107,2285.0,750.0,840.0,140.0,90.0,465.0,1815.0,732.0,114.0,925.0,Massachusetts,0.7943107221006565,BOT
570,47876,70.0,70.0,0.0,0.0,0.0,0.0,33.0,33.0,0.0,70.0,Massachusetts,0.4714285714285714,BOT
644,49074,165.0,160.0,5.0,0.0,0.0,0.0,122.0,117.0,0.0,160.0,Michigan,0.7393939393939394,BOT
707,48909,360.0,95.0,45.0,5.0,0.0,215.0,279.0,146.0,7.0,95.0,Michigan,0.775,BOT
370,56591,90.0,40.0,25.0,0.0,0.0,25.0,72.0,39.0,0.0,40.0,Minnesota,0.8,BOT
637,56287,15.0,10.0,0.0,0.0,0.0,5.0,11.0,9.0,0.0,10.0,Minnesota,0.7333333333333333,BOT
691,55487,290.0,20.0,75.0,0.0,0.0,195.0,212.0,20.0,0.0,40.0,Minnesota,0.7310344827586207,BOT
799,56321,60.0,60.0,0.0,0.0,0.0,0.0,26.0,26.0,0.0,60.0,Minnesota,0.43333333333333335,BOT
53,38768,30.0,10.0,10.0,0.0,0.0,10.0,23.0,11.0,0.0,15.0,Mississippi,0.7666666666666667,BOT
6,80231,20.0,20.0,0.0,0.0,0.0,0.0,6.0,6.0,0.0,20.0,Missouri,0.3,BOT
277,65102,1045.0,110.0,65.0,10.0,5.0,855.0,585.0,158.0,12.0,105.0,Missouri,0.5598086124401914,BOT
390,64147,20.0,0.0,10.0,0.0,0.0,10.0,9.0,0.0,0.0,0.0,Missouri,0.45,BOT
498,64432,45.0,45.0,0.0,0.0,0.0,0.0,25.0,25.0,0.0,45.0,Missouri,0.5555555555555556,BOT
499,64433,50.0,50.0,0.0,0.0,0.0,0.0,36.0,34.0,0.0,45.0,Missouri,0.72,BOT
988,63045,65.0,65.0,0.0,0.0,0.0,0.0,34.0,34.0,0.0,65.0,Missouri,0.5230769230769231,BOT
56,59077,15.0,10.0,0.0,0.0,0.0,5.0,12.0,8.0,0.0,10.0,Montana,0.8,BOT
151,59724,25.0,15.0,5.0,0.0,0.0,5.0,19.0,16.0,0.0,20.0,Montana,0.76,BOT
288,59620,25.0,0.0,5.0,0.0,0.0,20.0,15.0,0.0,0.0,0.0,Montana,0.6,BOT
246,68509,320.0,40.0,45.0,0.0,0.0,235.0,194.0,45.0,0.0,40.0,Nebraska,0.60625,BOT
499,68056,15.0,15.0,0.0,0.0,0.0,0.0,8.0,8.0,0.0,15.0,Nebraska,0.5333333333333333,BOT
582,68039,170.0,70.0,45.0,5.0,5.0,45.0,133.0,68.0,3.0,75.0,Nebraska,0.7823529411764706,BOT
131,84057,25.0,0.0,10.0,0.0,0.0,15.0,11.0,0.0,0.0,0.0,Nevada,0.44,BOT
202,89520,55.0,0.0,0.0,0.0,0.0,55.0,25.0,0.0,0.0,0.0,Nevada,0.45454545454545453,BOT
115,1844,35.0,35.0,0.0,0.0,0.0,0.0,13.0,13.0,0.0,40.0,New Hampshire,0.37142857142857144,BOT
241,2864,35.0,35.0,0.0,0.0,0.0,0.0,14.0,14.0,0.0,35.0,New Hampshire,0.4,BOT
107,87037,205.0,85.0,40.0,30.0,15.0,35.0,142.0,69.0,20.0,120.0,New Mexico,0.6926829268292682,BOT
108,87313,815.0,415.0,145.0,65.0,25.0,165.0,653.0,380.0,51.0,465.0,New Mexico,0.8012269938650307,BOT
109,87364,230.0,110.0,45.0,30.0,15.0,30.0,165.0,89.0,20.0,140.0,New Mexico,0.717391304347826,BOT
122,87455,345.0,175.0,60.0,45.0,15.0,50.0,275.0,163.0,32.0,215.0,New Mexico,0.7971014492753623,BOT
123,87461,205.0,85.0,35.0,35.0,15.0,35.0,144.0,70.0,19.0,125.0,New Mexico,0.7024390243902439,BOT
126,86515,20.0,10.0,5.0,0.0,0.0,5.0,10.0,5.0,0.0,10.0,New Mexico,0.5,BOT
127,87045,360.0,160.0,65.0,30.0,15.0,90.0,267.0,142.0,20.0,185.0,New Mexico,0.7416666666666667,BOT
131,87311,580.0,260.0,105.0,45.0,15.0,155.0,440.0,237.0,33.0,295.0,New Mexico,0.7586206896551724,BOT
136,87319,325.0,145.0,65.0,25.0,15.0,75.0,232.0,124.0,21.0,160.0,New Mexico,0.7138461538461538,BOT
142,87327,765.0,385.0,165.0,85.0,30.0,100.0,583.0,330.0,63.0,450.0,New Mexico,0.7620915032679738,BOT
146,87365,80.0,40.0,15.0,5.0,5.0,15.0,57.0,33.0,6.0,50.0,New Mexico,0.7125,BOT
165,87937,580.0,380.0,85.0,35.0,30.0,50.0,458.0,318.0,36.0,405.0,New Mexico,0.7896551724137931,BOT
167,87940,80.0,50.0,15.0,5.0,0.0,10.0,61.0,40.0,3.0,50.0,New Mexico,0.7625,BOT
168,87941,210.0,120.0,35.0,15.0,15.0,25.0,138.0,89.0,7.0,130.0,New Mexico,0.6571428571428571,BOT
186,88024,50.0,25.0,15.0,0.0,5.0,5.0,37.0,20.0,0.0,25.0,New Mexico,0.74,BOT
191,88029,615.0,385.0,75.0,50.0,55.0,50.0,426.0,279.0,42.0,415.0,New Mexico,0.6926829268292682,BOT
216,88063,1980.0,1085.0,370.0,170.0,210.0,145.0,1440.0,825.0,133.0,1285.0,New Mexico,0.7272727272727273,BOT
236,87538,50.0,30.0,10.0,0.0,5.0,5.0,36.0,25.0,0.0,25.0,New Mexico,0.72,BOT
252,87724,35.0,20.0,10.0,0.0,0.0,5.0,27.0,16.0,0.0,20.0,New Mexico,0.7714285714285715,BOT
289,87018,75.0,35.0,10.0,10.0,10.0,10.0,55.0,26.0,6.0,50.0,New Mexico,0.7333333333333333,BOT
299,87052,360.0,170.0,60.0,50.0,25.0,55.0,269.0,145.0,39.0,225.0,New Mexico,0.7472222222222222,BOT
942,14144,95.0,95.0,0.0,0.0,0.0,0.0,49.0,49.0,0.0,95.0,New York,0.5157894736842106,BOT
1043,14778,150.0,150.0,0.0,0.0,0.0,0.0,110.0,110.0,0.0,150.0,New York,0.7333333333333333,BOT
1220,10545,570.0,570.0,0.0,0.0,0.0,0.0,307.0,303.0,0.0,555.0,New York,0.5385964912280702,BOT
415,27435,30.0,15.0,5.0,0.0,0.0,10.0,23.0,13.0,0.0,15.0,North Carolina,0.7666666666666667,BOT
130,58379,25.0,10.0,5.0,0.0,0.0,10.0,17.0,9.0,0.0,10.0,North Dakota,0.68,BOT
181,58065,15.0,10.0,0.0,0.0,0.0,5.0,11.0,8.0,0.0,5.0,North Dakota,0.7333333333333333,BOT
270,58311,15.0,5.0,0.0,5.0,0.0,5.0,11.0,5.0,2.0,10.0,North Dakota,0.7333333333333333,BOT
331,44199,55.0,10.0,10.0,0.0,0.0,35.0,40.0,9.0,0.0,15.0,Ohio,0.7272727272727273,BOT
1002,45618,20.0,10.0,5.0,0.0,0.0,5.0,14.0,5.0,0.0,10.0,Ohio,0.7,BOT
1160,43603,30.0,10.0,10.0,0.0,0.0,10.0,24.0,10.0,0.0,10.0,Ohio,0.8,BOT
1299,44503,405.0,105.0,180.0,15.0,5.0,100.0,322.0,88.0,13.0,125.0,Ohio,0.7950617283950617,BOT
509,73125,415.0,0.0,30.0,0.0,0.0,385.0,179.0,0.0,0.0,0.0,Oklahoma,0.43132530120481927,BOT
510,73126,25.0,5.0,0.0,0.0,0.0,20.0,15.0,7.0,0.0,5.0,Oklahoma,0.6,BOT
284,97036,195.0,185.0,5.0,5.0,0.0,0.0,145.0,136.0,3.0,190.0,Oregon,0.7435897435897436,BOT
446,97373,20.0,20.0,0.0,0.0,0.0,0.0,16.0,13.0,0.0,20.0,Oregon,0.8,BOT
1597,17880,25.0,10.0,5.0,5.0,0.0,5.0,19.0,11.0,2.0,15.0,Pennsylvania,0.76,BOT
1690,47876,20.0,20.0,0.0,0.0,0.0,0.0,8.0,8.0,0.0,20.0,Pennsylvania,0.4,BOT
1869,19345,310.0,310.0,0.0,0.0,0.0,0.0,163.0,159.0,0.0,310.0,Pennsylvania,0.5258064516129032,BOT
80,57639,35.0,15.0,5.0,5.0,0.0,10.0,24.0,11.0,2.0,15.0,South Dakota,0.6857142857142857,BOT
86,57652,50.0,35.0,5.0,0.0,5.0,5.0,39.0,30.0,0.0,40.0,South Dakota,0.78,BOT
89,57658,45.0,25.0,10.0,5.0,0.0,5.0,28.0,18.0,3.0,25.0,South Dakota,0.6222222222222222,BOT
92,58639,25.0,20.0,0.0,0.0,5.0,0.0,20.0,16.0,0.0,25.0,South Dakota,0.8,BOT
148,57361,45.0,20.0,5.0,5.0,5.0,10.0,33.0,18.0,4.0,20.0,South Dakota,0.7333333333333333,BOT
184,57548,175.0,70.0,35.0,10.0,5.0,55.0,140.0,79.0,8.0,75.0,South Dakota,0.8,BOT
187,57560,65.0,30.0,10.0,5.0,5.0,15.0,45.0,28.0,5.0,40.0,South Dakota,0.6923076923076923,BOT
191,57566,115.0,55.0,20.0,10.0,5.0,25.0,86.0,45.0,8.0,60.0,South Dakota,0.7478260869565218,BOT
194,57570,295.0,135.0,45.0,20.0,5.0,90.0,236.0,150.0,14.0,135.0,South Dakota,0.8,BOT
215,57577,135.0,60.0,30.0,5.0,5.0,35.0,97.0,53.0,3.0,60.0,South Dakota,0.7185185185185186,BOT
227,57714,80.0,30.0,15.0,10.0,5.0,20.0,55.0,26.0,6.0,40.0,South Dakota,0.6875,BOT
251,57756,110.0,50.0,20.0,5.0,5.0,30.0,84.0,46.0,5.0,50.0,South Dakota,0.7636363636363637,BOT
277,57794,85.0,30.0,15.0,10.0,0.0,30.0,57.0,26.0,7.0,35.0,South Dakota,0.6705882352941176,BOT
625,37243,40.0,0.0,0.0,0.0,0.0,40.0,21.0,0.0,0.0,0.0,Tennessee,0.525,BOT
358,78521,13230.0,7745.0,1730.0,1315.0,1180.0,1260.0,10358.0,6640.0,1080.0,9045.0,Texas,0.78291761148904,BOT
359,78522,395.0,260.0,45.0,50.0,25.0,15.0,296.0,205.0,38.0,320.0,Texas,0.7493670886075949,BOT
363,78567,195.0,135.0,15.0,15.0,15.0,15.0,136.0,101.0,13.0,150.0,Texas,0.6974358974358974,BOT
770,78827,325.0,190.0,50.0,35.0,20.0,30.0,254.0,158.0,26.0,235.0,Texas,0.7815384615384615,BOT
771,78829,260.0,115.0,60.0,35.0,20.0,30.0,207.0,106.0,29.0,155.0,Texas,0.7961538461538461,BOT
775,78836,35.0,20.0,5.0,5.0,0.0,5.0,26.0,14.0,3.0,20.0,Texas,0.7428571428571429,BOT
778,78839,1585.0,970.0,245.0,130.0,65.0,175.0,1244.0,809.0,109.0,1070.0,Texas,0.7848580441640378,BOT
780,78841,585.0,375.0,50.0,60.0,75.0,25.0,439.0,303.0,52.0,470.0,Texas,0.7504273504273504,BOT
782,78852,7595.0,4445.0,965.0,815.0,715.0,655.0,5556.0,3469.0,637.0,5270.0,Texas,0.7315339038841343,BOT
783,78853,2610.0,1505.0,345.0,260.0,275.0,225.0,1844.0,1140.0,189.0,1810.0,Texas,0.7065134099616859,BOT
793,79838,1570.0,825.0,310.0,150.0,135.0,150.0,1236.0,692.0,121.0,1000.0,Texas,0.7872611464968153,BOT
794,79839,300.0,160.0,40.0,35.0,40.0,25.0,203.0,118.0,26.0,215.0,Texas,0.6766666666666666,BOT
796,79849,1790.0,870.0,390.0,140.0,185.0,205.0,1292.0,675.0,104.0,1060.0,Texas,0.7217877094972067,BOT
798,79853,455.0,235.0,70.0,35.0,70.0,45.0,313.0,188.0,25.0,285.0,Texas,0.6879120879120879,BOT
802,79905,5410.0,3185.0,780.0,605.0,450.0,390.0,4333.0,2706.0,519.0,3940.0,Texas,0.8009242144177449,BOT
803,79906,155.0,35.0,50.0,0.0,5.0,65.0,124.0,35.0,0.0,35.0,Texas,0.8,BOT
822,79995,305.0,140.0,90.0,25.0,25.0,25.0,238.0,117.0,25.0,175.0,Texas,0.780327868852459,BOT
828,79901,3080.0,1870.0,515.0,300.0,260.0,135.0,1954.0,1205.0,206.0,2180.0,Texas,0.6344155844155844,BOT
836,79943,70.0,45.0,10.0,5.0,5.0,5.0,50.0,29.0,6.0,55.0,Texas,0.7142857142857143,BOT
837,79944,35.0,30.0,5.0,0.0,0.0,0.0,22.0,16.0,0.0,30.0,Texas,0.6285714285714286,BOT
838,79945,25.0,15.0,0.0,5.0,0.0,5.0,20.0,13.0,4.0,20.0,Texas,0.8,BOT
839,79946,30.0,25.0,0.0,5.0,0.0,0.0,23.0,20.0,1.0,25.0,Texas,0.7666666666666667,BOT
840,79947,30.0,20.0,0.0,5.0,5.0,0.0,22.0,16.0,3.0,25.0,Texas,0.7333333333333333,BOT
841,79948,45.0,30.0,5.0,5.0,5.0,0.0,35.0,25.0,5.0,40.0,Texas,0.7777777777777778,BOT
842,79949,30.0,20.0,5.0,5.0,0.0,0.0,21.0,15.0,3.0,20.0,Texas,0.7,BOT
844,79951,50.0,25.0,10.0,10.0,0.0,5.0,35.0,18.0,7.0,35.0,Texas,0.7,BOT
845,79952,40.0,25.0,5.0,5.0,5.0,0.0,30.0,24.0,1.0,35.0,Texas,0.75,BOT
846,79953,55.0,35.0,5.0,5.0,10.0,0.0,40.0,25.0,6.0,45.0,Texas,0.7272727272727273,BOT
848,79955,40.0,25.0,5.0,5.0,5.0,0.0,32.0,22.0,3.0,35.0,Texas,0.8,BOT
849,79968,15.0,10.0,0.0,0.0,0.0,5.0,11.0,9.0,0.0,10.0,Texas,0.7333333333333333,BOT
1002,78538,1545.0,875.0,255.0,145.0,95.0,175.0,1185.0,735.0,108.0,1005.0,Texas,0.7669902912621359,BOT
1003,78543,1520.0,940.0,215.0,125.0,115.0,125.0,1173.0,777.0,98.0,1075.0,Texas,0.7717105263157895,BOT
1009,78561,115.0,65.0,20.0,10.0,15.0,5.0,79.0,49.0,8.0,85.0,Texas,0.6869565217391305,BOT
1012,78570,4685.0,2705.0,760.0,415.0,300.0,505.0,3623.0,2324.0,323.0,3020.0,Texas,0.7733191035218784,BOT
1013,78579,635.0,350.0,90.0,60.0,65.0,70.0,397.0,234.0,41.0,425.0,Texas,0.6251968503937008,BOT
1017,78592,240.0,150.0,30.0,20.0,20.0,20.0,158.0,101.0,15.0,170.0,Texas,0.6583333333333333,BOT
1022,78599,3510.0,1980.0,600.0,285.0,215.0,430.0,2626.0,1594.0,222.0,2165.0,Texas,0.7481481481481481,BOT
1249,78040,6860.0,3965.0,875.0,865.0,605.0,550.0,5241.0,3246.0,706.0,4950.0,Texas,0.7639941690962099,BOT
1255,78046,6380.0,3065.0,970.0,630.0,665.0,1050.0,4450.0,2337.0,480.0,3685.0,Texas,0.6974921630094044,BOT
1465,78503,3285.0,2015.0,385.0,330.0,340.0,215.0,2633.0,1765.0,273.0,2425.0,Texas,0.8015220700152207,BOT
1467,78505,580.0,395.0,55.0,55.0,55.0,20.0,452.0,327.0,44.0,475.0,Texas,0.7793103448275862,BOT
1470,78537,5520.0,3375.0,785.0,445.0,355.0,560.0,4334.0,2900.0,368.0,3760.0,Texas,0.7851449275362319,BOT
1474,78542,6050.0,3165.0,1080.0,505.0,480.0,820.0,4563.0,2630.0,393.0,3610.0,Texas,0.7542148760330578,BOT
1475,78549,205.0,110.0,35.0,20.0,15.0,25.0,140.0,82.0,12.0,135.0,Texas,0.6829268292682927,BOT
1476,78557,1825.0,1075.0,225.0,165.0,215.0,145.0,1193.0,740.0,116.0,1295.0,Texas,0.6536986301369863,BOT
1477,78558,440.0,235.0,60.0,40.0,40.0,65.0,320.0,199.0,26.0,270.0,Texas,0.7272727272727273,BOT
1478,78562,410.0,215.0,60.0,50.0,25.0,60.0,259.0,139.0,37.0,255.0,Texas,0.6317073170731707,BOT
1482,78589,5425.0,3130.0,850.0,465.0,390.0,590.0,4099.0,2561.0,374.0,3530.0,Texas,0.7555760368663594,BOT
1562,78545,160.0,85.0,25.0,20.0,10.0,20.0,118.0,70.0,14.0,105.0,Texas,0.7375,BOT
1563,78547,415.0,205.0,80.0,45.0,25.0,60.0,258.0,134.0,30.0,240.0,Texas,0.6216867469879518,BOT
1564,78548,490.0,275.0,90.0,45.0,30.0,50.0,326.0,194.0,29.0,305.0,Texas,0.6653061224489796,BOT
1565,78560,755.0,435.0,110.0,65.0,70.0,75.0,521.0,325.0,46.0,530.0,Texas,0.6900662251655629,BOT
1566,78565,180.0,95.0,30.0,25.0,15.0,15.0,113.0,60.0,16.0,120.0,Texas,0.6277777777777778,BOT
1568,78573,5145.0,2750.0,895.0,445.0,435.0,620.0,3996.0,2369.0,353.0,3235.0,Texas,0.7766763848396502,BOT
1569,78574,5040.0,2795.0,810.0,390.0,410.0,635.0,3862.0,2408.0,316.0,3135.0,Texas,0.7662698412698413,BOT
1570,78576,1095.0,535.0,235.0,75.0,75.0,175.0,765.0,409.0,52.0,600.0,Texas,0.6986301369863014,BOT
1571,78582,5070.0,2765.0,815.0,565.0,445.0,480.0,3571.0,2066.0,434.0,3350.0,Texas,0.7043392504930966,BOT
1572,78584,3435.0,1880.0,460.0,435.0,385.0,275.0,2204.0,1274.0,304.0,2445.0,Texas,0.6416302765647743,BOT
1573,78585,65.0,40.0,5.0,0.0,10.0,10.0,41.0,30.0,0.0,50.0,Texas,0.6307692307692307,BOT
1574,78595,815.0,435.0,135.0,75.0,75.0,95.0,505.0,287.0,49.0,505.0,Texas,0.6196319018404908,BOT
1634,79785,30.0,20.0,5.0,0.0,5.0,0.0,24.0,19.0,0.0,25.0,Texas,0.8,BOT
1641,79845,1190.0,700.0,115.0,115.0,190.0,70.0,780.0,496.0,76.0,930.0,Texas,0.6554621848739496,BOT
1642,79846,25.0,10.0,5.0,5.0,5.0,0.0,16.0,9.0,3.0,15.0,Texas,0.64,BOT
1658,79002,15.0,10.0,0.0,0.0,5.0,0.0,12.0,9.0,0.0,15.0,Texas,0.8,BOT
1826,76836,15.0,15.0,0.0,0.0,0.0,0.0,12.0,11.0,0.0,10.0,Texas,0.8,BOT
1903,78291,20.0,10.0,10.0,0.0,0.0,0.0,16.0,8.0,0.0,15.0,Texas,0.8,BOT
1908,78299,20.0,10.0,5.0,0.0,0.0,5.0,12.0,5.0,0.0,10.0,Texas,0.6,BOT
1931,78236,30.0,5.0,5.0,0.0,0.0,20.0,24.0,4.0,0.0,5.0,Texas,0.8,BOT
2096,76544,285.0,45.0,85.0,5.0,0.0,150.0,219.0,54.0,9.0,45.0,Texas,0.7684210526315789,BOT
2172,75759,50.0,25.0,15.0,5.0,0.0,5.0,39.0,19.0,3.0,25.0,Texas,0.78,BOT
16,86044,15.0,5.0,0.0,5.0,5.0,0.0,5.0,2.0,1.0,15.0,Utah,0.3333333333333333,BOT
326,84784,185.0,60.0,10.0,10.0,10.0,95.0,124.0,68.0,10.0,75.0,Utah,0.6702702702702703,BOT
13,5439,20.0,20.0,0.0,0.0,0.0,0.0,16.0,16.0,0.0,20.0,Vermont,0.8,BOT
132,5671,125.0,0.0,0.0,0.0,0.0,125.0,52.0,0.0,0.0,0.0,Vermont,0.416,BOT
818,24007,20.0,10.0,5.0,5.0,0.0,0.0,14.0,6.0,4.0,10.0,Virginia,0.7,BOT
299,98504,400.0,75.0,60.0,0.0,0.0,265.0,259.0,77.0,0.0,80.0,Washington,0.6475,BOT
390,98174,20.0,5.0,5.0,0.0,0.0,10.0,16.0,5.0,0.0,5.0,Washington,0.8,BOT
87,25936,15.0,5.0,5.0,0.0,0.0,5.0,9.0,4.0,0.0,5.0,West Virginia,0.6,BOT
351,53824,395.0,395.0,0.0,0.0,0.0,0.0,294.0,294.0,0.0,395.0,Wisconsin,0.7443037974683544,BOT
103,82524,105.0,50.0,20.0,5.0,0.0,30.0,82.0,50.0,3.0,50.0,Wyoming,0.780952380952381,BOT
6,96799,6175.0,2370.0,1280.0,605.0,260.0,1660.0,4337.0,2078.0,447.0,2615.0,American Samoa,0.7023481781376518,BOT
9,96915,1065.0,595.0,95.0,100.0,55.0,220.0,842.0,524.0,82.0,655.0,Guam,0.7906103286384977,BOT
10,96916,100.0,50.0,20.0,10.0,10.0,10.0,74.0,35.0,11.0,65.0,Guam,0.74,BOT
11,96917,100.0,45.0,15.0,10.0,5.0,25.0,70.0,32.0,8.0,60.0,Guam,0.7,BOT
12,96921,3150.0,1740.0,360.0,250.0,225.0,575.0,2456.0,1527.0,193.0,1895.0,Guam,0.7796825396825396,BOT
13,96923,90.0,55.0,5.0,0.0,5.0,25.0,53.0,37.0,0.0,55.0,Guam,0.5888888888888889,BOT
14,96928,600.0,360.0,70.0,50.0,45.0,75.0,454.0,295.0,39.0,395.0,Guam,0.7566666666666667,BOT
15,96929,3940.0,2420.0,405.0,320.0,255.0,540.0,3099.0,2062.0,268.0,2585.0,Guam,0.7865482233502538,BOT
6,96950,2645.0,1460.0,230.0,285.0,120.0,550.0,1734.0,1079.0,186.0,1475.0,Northern Mariana Islands,0.6555765595463138,BOT
7,96951,130.0,80.0,10.0,15.0,5.0,20.0,70.0,42.0,9.0,75.0,Northern Mariana Islands,0.5384615384615384,BOT
8,96952,100.0,55.0,5.0,15.0,0.0,25.0,46.0,27.0,9.0,55.0,Northern Mariana Islands,0.46,BOT
6,602,9550.0,4575.0,2515.0,795.0,805.0,860.0,7450.0,3788.0,540.0,5555.0,Puerto Rico,0.7801047120418848,BOT
7,603,9735.0,5050.0,1800.0,1045.0,955.0,885.0,7587.0,4227.0,763.0,6430.0,Puerto Rico,0.7793528505392913,BOT
10,662,10655.0,5020.0,2565.0,1025.0,985.0,1060.0,8266.0,4250.0,706.0,6430.0,Puerto Rico,0.7757860159549508,BOT
11,676,8665.0,3905.0,2230.0,815.0,885.0,830.0,6270.0,3039.0,510.0,5035.0,Puerto Rico,0.723600692440854,BOT
12,677,4135.0,2340.0,770.0,355.0,335.0,335.0,3301.0,2004.0,262.0,2740.0,Puerto Rico,0.7983071342200726,BOT
13,685,11510.0,6005.0,2265.0,1185.0,1125.0,930.0,8553.0,4783.0,774.0,7585.0,Puerto Rico,0.7430929626411816,BOT
16,611,760.0,380.0,145.0,75.0,80.0,80.0,503.0,278.0,43.0,485.0,Puerto Rico,0.6618421052631579,BOT
21,627,8535.0,3765.0,2395.0,805.0,705.0,865.0,6602.0,3117.0,546.0,4860.0,Puerto Rico,0.7735207967193908,BOT
22,631,680.0,370.0,95.0,70.0,85.0,60.0,398.0,240.0,33.0,485.0,Puerto Rico,0.5852941176470589,BOT
23,641,6865.0,3255.0,1555.0,740.0,580.0,735.0,5038.0,2548.0,483.0,4195.0,Puerto Rico,0.7338674435542607,BOT
25,659,8795.0,4215.0,2020.0,940.0,820.0,800.0,6874.0,3470.0,685.0,5470.0,Puerto Rico,0.7815804434337692,BOT
26,664,3750.0,1610.0,1020.0,300.0,330.0,490.0,2713.0,1260.0,175.0,2030.0,Puerto Rico,0.7234666666666667,BOT
27,669,7065.0,3265.0,1570.0,725.0,775.0,730.0,4793.0,2379.0,431.0,4325.0,Puerto Rico,0.678414720452937,BOT
28,678,7010.0,3290.0,1860.0,625.0,545.0,690.0,5490.0,2770.0,431.0,4130.0,Puerto Rico,0.7831669044222539,BOT
31,719,7110.0,3130.0,1840.0,620.0,775.0,745.0,5301.0,2512.0,424.0,4120.0,Puerto Rico,0.7455696202531645,BOT
32,782,4250.0,1895.0,1145.0,385.0,375.0,450.0,3032.0,1413.0,259.0,2415.0,Puerto Rico,0.7134117647058823,BOT
33,794,6080.0,2455.0,1830.0,515.0,525.0,755.0,4365.0,1880.0,327.0,3210.0,Puerto Rico,0.7179276315789473,BOT
41,703,6190.0,3020.0,1565.0,500.0,480.0,625.0,4786.0,2442.0,341.0,3690.0,Puerto Rico,0.7731825525040388,BOT
49,754,9630.0,4480.0,2650.0,805.0,655.0,1040.0,7629.0,3719.0,557.0,5440.0,Puerto Rico,0.7922118380062305,BOT
55,772,3855.0,2085.0,665.0,375.0,355.0,375.0,2679.0,1557.0,236.0,2500.0,Puerto Rico,0.6949416342412451,BOT
56,913,970.0,500.0,135.0,125.0,65.0,145.0,762.0,467.0,104.0,610.0,Puerto Rico,0.7855670103092783,BOT
74,765,1855.0,1235.0,200.0,170.0,120.0,130.0,1433.0,1013.0,125.0,1365.0,Puerto Rico,0.7725067385444744,BOT
79,707,3625.0,1455.0,1155.0,260.0,260.0,495.0,2773.0,1200.0,172.0,1870.0,Puerto Rico,0.7649655172413793,BOT
81,723,5310.0,2430.0,1500.0,445.0,380.0,555.0,4192.0,1982.0,303.0,3030.0,Puerto Rico,0.7894538606403013,BOT
82,751,5505.0,2890.0,1175.0,455.0,500.0,485.0,4365.0,2392.0,331.0,3560.0,Puerto Rico,0.7929155313351499,BOT
88,783,8050.0,3690.0,2080.0,675.0,765.0,840.0,5806.0,2826.0,441.0,4675.0,Puerto Rico,0.7212422360248447,BOT
91,951,2820.0,1475.0,520.0,310.0,260.0,255.0,2136.0,1207.0,227.0,1870.0,Puerto Rico,0.7574468085106383,BOT
92,952,2940.0,1560.0,585.0,325.0,250.0,220.0,2300.0,1276.0,246.0,1960.0,Puerto Rico,0.782312925170068,BOT
96,718,5160.0,2635.0,1205.0,425.0,385.0,510.0,4058.0,2193.0,299.0,3230.0,Puerto Rico,0.7864341085271318,BOT
105,638,5510.0,2245.0,1800.0,435.0,400.0,630.0,4247.0,1819.0,274.0,2845.0,Puerto Rico,0.7707803992740472,BOT
106,650,4300.0,1935.0,1165.0,350.0,410.0,440.0,3391.0,1592.0,224.0,2465.0,Puerto Rico,0.7886046511627907,BOT
108,687,6970.0,2780.0,2265.0,530.0,535.0,860.0,5169.0,2167.0,334.0,3540.0,Puerto Rico,0.7416068866571018,BOT
111,720,5640.0,2030.0,1965.0,425.0,395.0,825.0,3931.0,1487.0,257.0,2625.0,Puerto Rico,0.6969858156028369,BOT
113,606,1250.0,750.0,205.0,115.0,95.0,85.0,843.0,523.0,62.0,835.0,Puerto Rico,0.6744,BOT
114,610,7000.0,3875.0,1525.0,545.0,480.0,575.0,5549.0,3256.0,392.0,4470.0,Puerto Rico,0.7927142857142857,BOT
116,623,9185.0,5880.0,1025.0,860.0,840.0,580.0,7246.0,4971.0,646.0,6950.0,Puerto Rico,0.7888949373979314,BOT
118,637,6445.0,3770.0,1145.0,585.0,450.0,495.0,5170.0,3178.0,428.0,4375.0,Puerto Rico,0.8021722265321956,BOT
120,667,6290.0,3785.0,845.0,570.0,600.0,490.0,4783.0,3134.0,409.0,4495.0,Puerto Rico,0.7604133545310016,BOT
121,670,2150.0,1230.0,395.0,200.0,175.0,150.0,1432.0,857.0,122.0,1440.0,Puerto Rico,0.666046511627907,BOT
122,680,13050.0,8170.0,1740.0,1300.0,990.0,850.0,10066.0,6685.0,974.0,9665.0,Puerto Rico,0.7713409961685824,BOT
125,683,8420.0,5090.0,1245.0,765.0,690.0,630.0,6668.0,4320.0,545.0,5985.0,Puerto Rico,0.7919239904988123,BOT
127,601,3950.0,1910.0,785.0,470.0,400.0,385.0,2584.0,1309.0,289.0,2505.0,Puerto Rico,0.6541772151898734,BOT
128,624,5125.0,2580.0,990.0,515.0,485.0,555.0,3900.0,2130.0,399.0,3155.0,Puerto Rico,0.7609756097560976,BOT
129,647,1425.0,910.0,140.0,120.0,160.0,95.0,1141.0,794.0,101.0,1095.0,Puerto Rico,0.8007017543859649,BOT
130,653,3290.0,1805.0,505.0,375.0,360.0,245.0,2460.0,1473.0,284.0,2245.0,Puerto Rico,0.7477203647416414,BOT
131,656,5000.0,2625.0,800.0,545.0,555.0,475.0,3963.0,2297.0,417.0,3345.0,Puerto Rico,0.7926,BOT
132,698,9655.0,5220.0,1565.0,1065.0,940.0,865.0,7372.0,4308.0,779.0,6455.0,Puerto Rico,0.7635422061108235,BOT
138,731,3900.0,2130.0,545.0,500.0,400.0,325.0,2843.0,1680.0,358.0,2765.0,Puerto Rico,0.728974358974359,BOT
141,757,4590.0,2475.0,875.0,415.0,370.0,455.0,3614.0,2059.0,322.0,2950.0,Puerto Rico,0.787363834422658,BOT
142,766,5405.0,2510.0,1245.0,500.0,545.0,605.0,3912.0,1908.0,325.0,3185.0,Puerto Rico,0.7237742830712304,BOT
143,769,8310.0,4270.0,1910.0,670.0,630.0,830.0,6484.0,3478.0,473.0,5135.0,Puerto Rico,0.7802647412755715,BOT
145,795,9085.0,4870.0,1615.0,840.0,870.0,890.0,6947.0,3992.0,618.0,5930.0,Puerto Rico,0.7646670335718216,BOT
149,906,35.0,25.0,0.0,5.0,5.0,0.0,28.0,20.0,5.0,35.0,Puerto Rico,0.8,BOT
157,915,4775.0,2845.0,630.0,535.0,360.0,405.0,3459.0,2156.0,404.0,3360.0,Puerto Rico,0.7243979057591623,BOT
163,925,780.0,500.0,115.0,80.0,35.0,50.0,593.0,394.0,66.0,540.0,Puerto Rico,0.7602564102564102,BOT
168,930,40.0,30.0,0.0,5.0,5.0,0.0,31.0,26.0,2.0,40.0,Puerto Rico,0.775,BOT
183,965,1060.0,525.0,185.0,150.0,100.0,100.0,813.0,432.0,124.0,695.0,Puerto Rico,0.7669811320754717,BOT
188,971,3855.0,2245.0,565.0,365.0,400.0,280.0,2959.0,1848.0,282.0,2715.0,Puerto Rico,0.7675745784695202,BOT
